run_id,run_number,commit_sha,commit_message,status,job_name,step_name,step_status,step_number,step_started_at,step_completed_at,step_duration,scenario_id,execution_mode,cache
26888673945,1,88e554fa93a1111b5ec92d0a0f0f18ea7fd3ede4,Add CI metrics experiment scaffold,success,Prepare scenario,Set up job,success,1,2026-06-03T13:41:25Z,2026-06-03T13:41:27Z,2.0,baseline,parallel,enabled
26888673945,1,88e554fa93a1111b5ec92d0a0f0f18ea7fd3ede4,Add CI metrics experiment scaffold,success,Prepare scenario,Checkout,success,2,2026-06-03T13:41:27Z,2026-06-03T13:41:28Z,1.0,baseline,parallel,enabled
26888673945,1,88e554fa93a1111b5ec92d0a0f0f18ea7fd3ede4,Add CI metrics experiment scaffold,success,Prepare scenario,Read experiment scenario,success,3,2026-06-03T13:41:28Z,2026-06-03T13:41:29Z,1.0,baseline,parallel,enabled
26888673945,1,88e554fa93a1111b5ec92d0a0f0f18ea7fd3ede4,Add CI metrics experiment scaffold,success,Prepare scenario,Post Checkout,success,6,2026-06-03T13:41:29Z,2026-06-03T13:41:29Z,0.0,baseline,parallel,enabled
26888673945,1,88e554fa93a1111b5ec92d0a0f0f18ea7fd3ede4,Add CI metrics experiment scaffold,success,Prepare scenario,Complete job,success,7,2026-06-03T13:41:29Z,2026-06-03T13:41:29Z,0.0,baseline,parallel,enabled
26888673945,1,88e554fa93a1111b5ec92d0a0f0f18ea7fd3ede4,Add CI metrics experiment scaffold,success,Tests parallel,Set up job,success,1,2026-06-03T13:41:34Z,2026-06-03T13:41:35Z,1.0,baseline,parallel,enabled
26888673945,1,88e554fa93a1111b5ec92d0a0f0f18ea7fd3ede4,Add CI metrics experiment scaffold,success,Tests parallel,Checkout,success,2,2026-06-03T13:41:35Z,2026-06-03T13:41:36Z,1.0,baseline,parallel,enabled
26888673945,1,88e554fa93a1111b5ec92d0a0f0f18ea7fd3ede4,Add CI metrics experiment scaffold,success,Tests parallel,Set up Python,success,3,2026-06-03T13:41:36Z,2026-06-03T13:41:38Z,2.0,baseline,parallel,enabled
26888673945,1,88e554fa93a1111b5ec92d0a0f0f18ea7fd3ede4,Add CI metrics experiment scaffold,success,Tests parallel,Install dependencies,success,4,2026-06-03T13:41:38Z,2026-06-03T13:41:45Z,7.0,baseline,parallel,enabled
26888673945,1,88e554fa93a1111b5ec92d0a0f0f18ea7fd3ede4,Add CI metrics experiment scaffold,success,Tests parallel,Run Pytest,success,5,2026-06-03T13:41:45Z,2026-06-03T13:41:46Z,1.0,baseline,parallel,enabled
26888673945,1,88e554fa93a1111b5ec92d0a0f0f18ea7fd3ede4,Add CI metrics experiment scaffold,success,Tests parallel,Summarize test results,success,6,2026-06-03T13:41:46Z,2026-06-03T13:41:46Z,0.0,baseline,parallel,enabled
26888673945,1,88e554fa93a1111b5ec92d0a0f0f18ea7fd3ede4,Add CI metrics experiment scaffold,success,Tests parallel,Upload test artifact,success,7,2026-06-03T13:41:46Z,2026-06-03T13:41:47Z,1.0,baseline,parallel,enabled
26888673945,1,88e554fa93a1111b5ec92d0a0f0f18ea7fd3ede4,Add CI metrics experiment scaffold,success,Tests parallel,Fail job if tests failed,success,8,2026-06-03T13:41:47Z,2026-06-03T13:41:47Z,0.0,baseline,parallel,enabled
26888673945,1,88e554fa93a1111b5ec92d0a0f0f18ea7fd3ede4,Add CI metrics experiment scaffold,success,Tests parallel,Post Set up Python,success,15,2026-06-03T13:41:47Z,2026-06-03T13:41:47Z,0.0,baseline,parallel,enabled
26888673945,1,88e554fa93a1111b5ec92d0a0f0f18ea7fd3ede4,Add CI metrics experiment scaffold,success,Tests parallel,Post Checkout,success,16,2026-06-03T13:41:47Z,2026-06-03T13:41:47Z,0.0,baseline,parallel,enabled
26888673945,1,88e554fa93a1111b5ec92d0a0f0f18ea7fd3ede4,Add CI metrics experiment scaffold,success,Tests parallel,Complete job,success,17,2026-06-03T13:41:47Z,2026-06-03T13:41:47Z,0.0,baseline,parallel,enabled
26888673945,1,88e554fa93a1111b5ec92d0a0f0f18ea7fd3ede4,Add CI metrics experiment scaffold,success,Lint,Set up job,success,1,2026-06-03T13:41:35Z,2026-06-03T13:41:36Z,1.0,baseline,parallel,enabled
26888673945,1,88e554fa93a1111b5ec92d0a0f0f18ea7fd3ede4,Add CI metrics experiment scaffold,success,Lint,Checkout,success,2,2026-06-03T13:41:36Z,2026-06-03T13:41:36Z,0.0,baseline,parallel,enabled
26888673945,1,88e554fa93a1111b5ec92d0a0f0f18ea7fd3ede4,Add CI metrics experiment scaffold,success,Lint,Set up Python,success,3,2026-06-03T13:41:36Z,2026-06-03T13:41:37Z,1.0,baseline,parallel,enabled
26888673945,1,88e554fa93a1111b5ec92d0a0f0f18ea7fd3ede4,Add CI metrics experiment scaffold,success,Lint,Install dependencies,success,4,2026-06-03T13:41:37Z,2026-06-03T13:41:42Z,5.0,baseline,parallel,enabled
26888673945,1,88e554fa93a1111b5ec92d0a0f0f18ea7fd3ede4,Add CI metrics experiment scaffold,success,Lint,Run Ruff,success,5,2026-06-03T13:41:42Z,2026-06-03T13:41:42Z,0.0,baseline,parallel,enabled
26888673945,1,88e554fa93a1111b5ec92d0a0f0f18ea7fd3ede4,Add CI metrics experiment scaffold,success,Lint,Upload lint artifact,success,6,2026-06-03T13:41:42Z,2026-06-03T13:41:43Z,1.0,baseline,parallel,enabled
26888673945,1,88e554fa93a1111b5ec92d0a0f0f18ea7fd3ede4,Add CI metrics experiment scaffold,success,Lint,Post Set up Python,success,11,2026-06-03T13:41:43Z,2026-06-03T13:41:45Z,2.0,baseline,parallel,enabled
26888673945,1,88e554fa93a1111b5ec92d0a0f0f18ea7fd3ede4,Add CI metrics experiment scaffold,success,Lint,Post Checkout,success,12,2026-06-03T13:41:45Z,2026-06-03T13:41:45Z,0.0,baseline,parallel,enabled
26888673945,1,88e554fa93a1111b5ec92d0a0f0f18ea7fd3ede4,Add CI metrics experiment scaffold,success,Lint,Complete job,success,13,2026-06-03T13:41:45Z,2026-06-03T13:41:45Z,0.0,baseline,parallel,enabled
26888748493,2,f6d337a996d107dd279f58cc2c0066b58361482e,Update GitHub Actions versions,success,Prepare scenario,Set up job,success,1,2026-06-03T13:42:40Z,2026-06-03T13:42:41Z,1.0,baseline,parallel,enabled
26888748493,2,f6d337a996d107dd279f58cc2c0066b58361482e,Update GitHub Actions versions,success,Prepare scenario,Checkout,success,2,2026-06-03T13:42:41Z,2026-06-03T13:42:41Z,0.0,baseline,parallel,enabled
26888748493,2,f6d337a996d107dd279f58cc2c0066b58361482e,Update GitHub Actions versions,success,Prepare scenario,Read experiment scenario,success,3,2026-06-03T13:42:41Z,2026-06-03T13:42:41Z,0.0,baseline,parallel,enabled
26888748493,2,f6d337a996d107dd279f58cc2c0066b58361482e,Update GitHub Actions versions,success,Prepare scenario,Post Checkout,success,6,2026-06-03T13:42:41Z,2026-06-03T13:42:42Z,1.0,baseline,parallel,enabled
26888748493,2,f6d337a996d107dd279f58cc2c0066b58361482e,Update GitHub Actions versions,success,Prepare scenario,Complete job,success,7,2026-06-03T13:42:42Z,2026-06-03T13:42:42Z,0.0,baseline,parallel,enabled
26888748493,2,f6d337a996d107dd279f58cc2c0066b58361482e,Update GitHub Actions versions,success,Tests parallel,Set up job,success,1,2026-06-03T13:42:46Z,2026-06-03T13:42:47Z,1.0,baseline,parallel,enabled
26888748493,2,f6d337a996d107dd279f58cc2c0066b58361482e,Update GitHub Actions versions,success,Tests parallel,Checkout,success,2,2026-06-03T13:42:47Z,2026-06-03T13:42:47Z,0.0,baseline,parallel,enabled
26888748493,2,f6d337a996d107dd279f58cc2c0066b58361482e,Update GitHub Actions versions,success,Tests parallel,Set up Python,success,3,2026-06-03T13:42:47Z,2026-06-03T13:42:48Z,1.0,baseline,parallel,enabled
26888748493,2,f6d337a996d107dd279f58cc2c0066b58361482e,Update GitHub Actions versions,success,Tests parallel,Install dependencies,success,4,2026-06-03T13:42:48Z,2026-06-03T13:42:54Z,6.0,baseline,parallel,enabled
26888748493,2,f6d337a996d107dd279f58cc2c0066b58361482e,Update GitHub Actions versions,success,Tests parallel,Run Pytest,success,5,2026-06-03T13:42:54Z,2026-06-03T13:42:55Z,1.0,baseline,parallel,enabled
26888748493,2,f6d337a996d107dd279f58cc2c0066b58361482e,Update GitHub Actions versions,success,Tests parallel,Summarize test results,success,6,2026-06-03T13:42:55Z,2026-06-03T13:42:55Z,0.0,baseline,parallel,enabled
26888748493,2,f6d337a996d107dd279f58cc2c0066b58361482e,Update GitHub Actions versions,success,Tests parallel,Upload test artifact,success,7,2026-06-03T13:42:55Z,2026-06-03T13:42:55Z,0.0,baseline,parallel,enabled
26888748493,2,f6d337a996d107dd279f58cc2c0066b58361482e,Update GitHub Actions versions,success,Tests parallel,Fail job if tests failed,success,8,2026-06-03T13:42:55Z,2026-06-03T13:42:55Z,0.0,baseline,parallel,enabled
26888748493,2,f6d337a996d107dd279f58cc2c0066b58361482e,Update GitHub Actions versions,success,Tests parallel,Post Set up Python,success,15,2026-06-03T13:42:55Z,2026-06-03T13:42:56Z,1.0,baseline,parallel,enabled
26888748493,2,f6d337a996d107dd279f58cc2c0066b58361482e,Update GitHub Actions versions,success,Tests parallel,Post Checkout,success,16,2026-06-03T13:42:56Z,2026-06-03T13:42:56Z,0.0,baseline,parallel,enabled
26888748493,2,f6d337a996d107dd279f58cc2c0066b58361482e,Update GitHub Actions versions,success,Tests parallel,Complete job,success,17,2026-06-03T13:42:56Z,2026-06-03T13:42:56Z,0.0,baseline,parallel,enabled
26888748493,2,f6d337a996d107dd279f58cc2c0066b58361482e,Update GitHub Actions versions,success,Lint,Set up job,success,1,2026-06-03T13:42:46Z,2026-06-03T13:42:47Z,1.0,baseline,parallel,enabled
26888748493,2,f6d337a996d107dd279f58cc2c0066b58361482e,Update GitHub Actions versions,success,Lint,Checkout,success,2,2026-06-03T13:42:47Z,2026-06-03T13:42:48Z,1.0,baseline,parallel,enabled
26888748493,2,f6d337a996d107dd279f58cc2c0066b58361482e,Update GitHub Actions versions,success,Lint,Set up Python,success,3,2026-06-03T13:42:48Z,2026-06-03T13:42:50Z,2.0,baseline,parallel,enabled
26888748493,2,f6d337a996d107dd279f58cc2c0066b58361482e,Update GitHub Actions versions,success,Lint,Install dependencies,success,4,2026-06-03T13:42:50Z,2026-06-03T13:42:55Z,5.0,baseline,parallel,enabled
26888748493,2,f6d337a996d107dd279f58cc2c0066b58361482e,Update GitHub Actions versions,success,Lint,Run Ruff,success,5,2026-06-03T13:42:55Z,2026-06-03T13:42:55Z,0.0,baseline,parallel,enabled
26888748493,2,f6d337a996d107dd279f58cc2c0066b58361482e,Update GitHub Actions versions,success,Lint,Upload lint artifact,success,6,2026-06-03T13:42:55Z,2026-06-03T13:42:56Z,1.0,baseline,parallel,enabled
26888748493,2,f6d337a996d107dd279f58cc2c0066b58361482e,Update GitHub Actions versions,success,Lint,Post Set up Python,success,11,2026-06-03T13:42:56Z,2026-06-03T13:42:56Z,0.0,baseline,parallel,enabled
26888748493,2,f6d337a996d107dd279f58cc2c0066b58361482e,Update GitHub Actions versions,success,Lint,Post Checkout,success,12,2026-06-03T13:42:56Z,2026-06-03T13:42:56Z,0.0,baseline,parallel,enabled
26888748493,2,f6d337a996d107dd279f58cc2c0066b58361482e,Update GitHub Actions versions,success,Lint,Complete job,success,13,2026-06-03T13:42:56Z,2026-06-03T13:42:56Z,0.0,baseline,parallel,enabled
26888814122,3,8b6fa4781d104ff905cdf190bb89b4a1fe9ee28d,Experiment cache warm baseline,success,Prepare scenario,Set up job,success,1,2026-06-03T13:43:47Z,2026-06-03T13:43:48Z,1.0,r03_cache_warm,parallel,enabled
26888814122,3,8b6fa4781d104ff905cdf190bb89b4a1fe9ee28d,Experiment cache warm baseline,success,Prepare scenario,Checkout,success,2,2026-06-03T13:43:48Z,2026-06-03T13:43:48Z,0.0,r03_cache_warm,parallel,enabled
26888814122,3,8b6fa4781d104ff905cdf190bb89b4a1fe9ee28d,Experiment cache warm baseline,success,Prepare scenario,Read experiment scenario,success,3,2026-06-03T13:43:48Z,2026-06-03T13:43:48Z,0.0,r03_cache_warm,parallel,enabled
26888814122,3,8b6fa4781d104ff905cdf190bb89b4a1fe9ee28d,Experiment cache warm baseline,success,Prepare scenario,Post Checkout,success,6,2026-06-03T13:43:48Z,2026-06-03T13:43:49Z,1.0,r03_cache_warm,parallel,enabled
26888814122,3,8b6fa4781d104ff905cdf190bb89b4a1fe9ee28d,Experiment cache warm baseline,success,Prepare scenario,Complete job,success,7,2026-06-03T13:43:49Z,2026-06-03T13:43:49Z,0.0,r03_cache_warm,parallel,enabled
26888814122,3,8b6fa4781d104ff905cdf190bb89b4a1fe9ee28d,Experiment cache warm baseline,success,Tests parallel,Set up job,success,1,2026-06-03T13:43:52Z,2026-06-03T13:43:53Z,1.0,r03_cache_warm,parallel,enabled
26888814122,3,8b6fa4781d104ff905cdf190bb89b4a1fe9ee28d,Experiment cache warm baseline,success,Tests parallel,Checkout,success,2,2026-06-03T13:43:53Z,2026-06-03T13:43:54Z,1.0,r03_cache_warm,parallel,enabled
26888814122,3,8b6fa4781d104ff905cdf190bb89b4a1fe9ee28d,Experiment cache warm baseline,success,Tests parallel,Set up Python,success,3,2026-06-03T13:43:54Z,2026-06-03T13:43:55Z,1.0,r03_cache_warm,parallel,enabled
26888814122,3,8b6fa4781d104ff905cdf190bb89b4a1fe9ee28d,Experiment cache warm baseline,success,Tests parallel,Install dependencies,success,4,2026-06-03T13:43:55Z,2026-06-03T13:44:01Z,6.0,r03_cache_warm,parallel,enabled
26888814122,3,8b6fa4781d104ff905cdf190bb89b4a1fe9ee28d,Experiment cache warm baseline,success,Tests parallel,Run Pytest,success,5,2026-06-03T13:44:01Z,2026-06-03T13:44:02Z,1.0,r03_cache_warm,parallel,enabled
26888814122,3,8b6fa4781d104ff905cdf190bb89b4a1fe9ee28d,Experiment cache warm baseline,success,Tests parallel,Summarize test results,success,6,2026-06-03T13:44:02Z,2026-06-03T13:44:02Z,0.0,r03_cache_warm,parallel,enabled
26888814122,3,8b6fa4781d104ff905cdf190bb89b4a1fe9ee28d,Experiment cache warm baseline,success,Tests parallel,Upload test artifact,success,7,2026-06-03T13:44:02Z,2026-06-03T13:44:02Z,0.0,r03_cache_warm,parallel,enabled
26888814122,3,8b6fa4781d104ff905cdf190bb89b4a1fe9ee28d,Experiment cache warm baseline,success,Tests parallel,Fail job if tests failed,success,8,2026-06-03T13:44:02Z,2026-06-03T13:44:02Z,0.0,r03_cache_warm,parallel,enabled
26888814122,3,8b6fa4781d104ff905cdf190bb89b4a1fe9ee28d,Experiment cache warm baseline,success,Tests parallel,Post Set up Python,success,15,2026-06-03T13:44:02Z,2026-06-03T13:44:03Z,1.0,r03_cache_warm,parallel,enabled
26888814122,3,8b6fa4781d104ff905cdf190bb89b4a1fe9ee28d,Experiment cache warm baseline,success,Tests parallel,Post Checkout,success,16,2026-06-03T13:44:03Z,2026-06-03T13:44:03Z,0.0,r03_cache_warm,parallel,enabled
26888814122,3,8b6fa4781d104ff905cdf190bb89b4a1fe9ee28d,Experiment cache warm baseline,success,Tests parallel,Complete job,success,17,2026-06-03T13:44:03Z,2026-06-03T13:44:03Z,0.0,r03_cache_warm,parallel,enabled
26888814122,3,8b6fa4781d104ff905cdf190bb89b4a1fe9ee28d,Experiment cache warm baseline,success,Lint,Set up job,success,1,2026-06-03T13:43:52Z,2026-06-03T13:43:53Z,1.0,r03_cache_warm,parallel,enabled
26888814122,3,8b6fa4781d104ff905cdf190bb89b4a1fe9ee28d,Experiment cache warm baseline,success,Lint,Checkout,success,2,2026-06-03T13:43:53Z,2026-06-03T13:43:54Z,1.0,r03_cache_warm,parallel,enabled
26888814122,3,8b6fa4781d104ff905cdf190bb89b4a1fe9ee28d,Experiment cache warm baseline,success,Lint,Set up Python,success,3,2026-06-03T13:43:54Z,2026-06-03T13:43:55Z,1.0,r03_cache_warm,parallel,enabled
26888814122,3,8b6fa4781d104ff905cdf190bb89b4a1fe9ee28d,Experiment cache warm baseline,success,Lint,Install dependencies,success,4,2026-06-03T13:43:55Z,2026-06-03T13:44:01Z,6.0,r03_cache_warm,parallel,enabled
26888814122,3,8b6fa4781d104ff905cdf190bb89b4a1fe9ee28d,Experiment cache warm baseline,success,Lint,Run Ruff,success,5,2026-06-03T13:44:01Z,2026-06-03T13:44:01Z,0.0,r03_cache_warm,parallel,enabled
26888814122,3,8b6fa4781d104ff905cdf190bb89b4a1fe9ee28d,Experiment cache warm baseline,success,Lint,Upload lint artifact,success,6,2026-06-03T13:44:01Z,2026-06-03T13:44:02Z,1.0,r03_cache_warm,parallel,enabled
26888814122,3,8b6fa4781d104ff905cdf190bb89b4a1fe9ee28d,Experiment cache warm baseline,success,Lint,Post Set up Python,success,11,2026-06-03T13:44:02Z,2026-06-03T13:44:02Z,0.0,r03_cache_warm,parallel,enabled
26888814122,3,8b6fa4781d104ff905cdf190bb89b4a1fe9ee28d,Experiment cache warm baseline,success,Lint,Post Checkout,success,12,2026-06-03T13:44:02Z,2026-06-03T13:44:02Z,0.0,r03_cache_warm,parallel,enabled
26888814122,3,8b6fa4781d104ff905cdf190bb89b4a1fe9ee28d,Experiment cache warm baseline,success,Lint,Complete job,success,13,2026-06-03T13:44:02Z,2026-06-03T13:44:02Z,0.0,r03_cache_warm,parallel,enabled
26888814620,4,3bf755c18eb1ed3a4f054cf23a1bc3161ea7e604,Experiment increase generated tests,success,Prepare scenario,Set up job,success,1,2026-06-03T13:43:47Z,2026-06-03T13:43:47Z,0.0,r04_more_tests,parallel,enabled
26888814620,4,3bf755c18eb1ed3a4f054cf23a1bc3161ea7e604,Experiment increase generated tests,success,Prepare scenario,Checkout,success,2,2026-06-03T13:43:48Z,2026-06-03T13:43:48Z,0.0,r04_more_tests,parallel,enabled
26888814620,4,3bf755c18eb1ed3a4f054cf23a1bc3161ea7e604,Experiment increase generated tests,success,Prepare scenario,Read experiment scenario,success,3,2026-06-03T13:43:48Z,2026-06-03T13:43:48Z,0.0,r04_more_tests,parallel,enabled
26888814620,4,3bf755c18eb1ed3a4f054cf23a1bc3161ea7e604,Experiment increase generated tests,success,Prepare scenario,Post Checkout,success,6,2026-06-03T13:43:48Z,2026-06-03T13:43:48Z,0.0,r04_more_tests,parallel,enabled
26888814620,4,3bf755c18eb1ed3a4f054cf23a1bc3161ea7e604,Experiment increase generated tests,success,Prepare scenario,Complete job,success,7,2026-06-03T13:43:48Z,2026-06-03T13:43:48Z,0.0,r04_more_tests,parallel,enabled
26888814620,4,3bf755c18eb1ed3a4f054cf23a1bc3161ea7e604,Experiment increase generated tests,success,Tests parallel,Set up job,success,1,2026-06-03T13:43:54Z,2026-06-03T13:43:55Z,1.0,r04_more_tests,parallel,enabled
26888814620,4,3bf755c18eb1ed3a4f054cf23a1bc3161ea7e604,Experiment increase generated tests,success,Tests parallel,Checkout,success,2,2026-06-03T13:43:55Z,2026-06-03T13:43:56Z,1.0,r04_more_tests,parallel,enabled
26888814620,4,3bf755c18eb1ed3a4f054cf23a1bc3161ea7e604,Experiment increase generated tests,success,Tests parallel,Set up Python,success,3,2026-06-03T13:43:56Z,2026-06-03T13:43:58Z,2.0,r04_more_tests,parallel,enabled
26888814620,4,3bf755c18eb1ed3a4f054cf23a1bc3161ea7e604,Experiment increase generated tests,success,Tests parallel,Install dependencies,success,4,2026-06-03T13:43:58Z,2026-06-03T13:44:04Z,6.0,r04_more_tests,parallel,enabled
26888814620,4,3bf755c18eb1ed3a4f054cf23a1bc3161ea7e604,Experiment increase generated tests,success,Tests parallel,Run Pytest,success,5,2026-06-03T13:44:04Z,2026-06-03T13:44:04Z,0.0,r04_more_tests,parallel,enabled
26888814620,4,3bf755c18eb1ed3a4f054cf23a1bc3161ea7e604,Experiment increase generated tests,success,Tests parallel,Summarize test results,success,6,2026-06-03T13:44:04Z,2026-06-03T13:44:04Z,0.0,r04_more_tests,parallel,enabled
26888814620,4,3bf755c18eb1ed3a4f054cf23a1bc3161ea7e604,Experiment increase generated tests,success,Tests parallel,Upload test artifact,success,7,2026-06-03T13:44:04Z,2026-06-03T13:44:05Z,1.0,r04_more_tests,parallel,enabled
26888814620,4,3bf755c18eb1ed3a4f054cf23a1bc3161ea7e604,Experiment increase generated tests,success,Tests parallel,Fail job if tests failed,success,8,2026-06-03T13:44:05Z,2026-06-03T13:44:05Z,0.0,r04_more_tests,parallel,enabled
26888814620,4,3bf755c18eb1ed3a4f054cf23a1bc3161ea7e604,Experiment increase generated tests,success,Tests parallel,Post Set up Python,success,15,2026-06-03T13:44:05Z,2026-06-03T13:44:05Z,0.0,r04_more_tests,parallel,enabled
26888814620,4,3bf755c18eb1ed3a4f054cf23a1bc3161ea7e604,Experiment increase generated tests,success,Tests parallel,Post Checkout,success,16,2026-06-03T13:44:05Z,2026-06-03T13:44:06Z,1.0,r04_more_tests,parallel,enabled
26888814620,4,3bf755c18eb1ed3a4f054cf23a1bc3161ea7e604,Experiment increase generated tests,success,Tests parallel,Complete job,success,17,2026-06-03T13:44:06Z,2026-06-03T13:44:06Z,0.0,r04_more_tests,parallel,enabled
26888814620,4,3bf755c18eb1ed3a4f054cf23a1bc3161ea7e604,Experiment increase generated tests,success,Lint,Set up job,success,1,2026-06-03T13:43:53Z,2026-06-03T13:43:54Z,1.0,r04_more_tests,parallel,enabled
26888814620,4,3bf755c18eb1ed3a4f054cf23a1bc3161ea7e604,Experiment increase generated tests,success,Lint,Checkout,success,2,2026-06-03T13:43:54Z,2026-06-03T13:43:55Z,1.0,r04_more_tests,parallel,enabled
26888814620,4,3bf755c18eb1ed3a4f054cf23a1bc3161ea7e604,Experiment increase generated tests,success,Lint,Set up Python,success,3,2026-06-03T13:43:55Z,2026-06-03T13:43:58Z,3.0,r04_more_tests,parallel,enabled
26888814620,4,3bf755c18eb1ed3a4f054cf23a1bc3161ea7e604,Experiment increase generated tests,success,Lint,Install dependencies,success,4,2026-06-03T13:43:58Z,2026-06-03T13:44:04Z,6.0,r04_more_tests,parallel,enabled
26888814620,4,3bf755c18eb1ed3a4f054cf23a1bc3161ea7e604,Experiment increase generated tests,success,Lint,Run Ruff,success,5,2026-06-03T13:44:04Z,2026-06-03T13:44:04Z,0.0,r04_more_tests,parallel,enabled
26888814620,4,3bf755c18eb1ed3a4f054cf23a1bc3161ea7e604,Experiment increase generated tests,success,Lint,Upload lint artifact,success,6,2026-06-03T13:44:04Z,2026-06-03T13:44:05Z,1.0,r04_more_tests,parallel,enabled
26888814620,4,3bf755c18eb1ed3a4f054cf23a1bc3161ea7e604,Experiment increase generated tests,success,Lint,Post Set up Python,success,11,2026-06-03T13:44:05Z,2026-06-03T13:44:05Z,0.0,r04_more_tests,parallel,enabled
26888814620,4,3bf755c18eb1ed3a4f054cf23a1bc3161ea7e604,Experiment increase generated tests,success,Lint,Post Checkout,success,12,2026-06-03T13:44:05Z,2026-06-03T13:44:05Z,0.0,r04_more_tests,parallel,enabled
26888814620,4,3bf755c18eb1ed3a4f054cf23a1bc3161ea7e604,Experiment increase generated tests,success,Lint,Complete job,success,13,2026-06-03T13:44:05Z,2026-06-03T13:44:05Z,0.0,r04_more_tests,parallel,enabled
26888817920,5,455c157558ed56f8ce38ee131066553bcbe4d3f9,Experiment introduce failing generated test,failure,Prepare scenario,Set up job,success,1,2026-06-03T13:43:51Z,2026-06-03T13:43:51Z,0.0,r06_failure,parallel,enabled
26888817920,5,455c157558ed56f8ce38ee131066553bcbe4d3f9,Experiment introduce failing generated test,failure,Prepare scenario,Checkout,success,2,2026-06-03T13:43:51Z,2026-06-03T13:43:52Z,1.0,r06_failure,parallel,enabled
26888817920,5,455c157558ed56f8ce38ee131066553bcbe4d3f9,Experiment introduce failing generated test,failure,Prepare scenario,Read experiment scenario,success,3,2026-06-03T13:43:52Z,2026-06-03T13:43:52Z,0.0,r06_failure,parallel,enabled
26888817920,5,455c157558ed56f8ce38ee131066553bcbe4d3f9,Experiment introduce failing generated test,failure,Prepare scenario,Post Checkout,success,6,2026-06-03T13:43:52Z,2026-06-03T13:43:52Z,0.0,r06_failure,parallel,enabled
26888817920,5,455c157558ed56f8ce38ee131066553bcbe4d3f9,Experiment introduce failing generated test,failure,Prepare scenario,Complete job,success,7,2026-06-03T13:43:52Z,2026-06-03T13:43:52Z,0.0,r06_failure,parallel,enabled
26888817920,5,455c157558ed56f8ce38ee131066553bcbe4d3f9,Experiment introduce failing generated test,failure,Tests parallel,Set up job,success,1,2026-06-03T13:43:57Z,2026-06-03T13:43:59Z,2.0,r06_failure,parallel,enabled
26888817920,5,455c157558ed56f8ce38ee131066553bcbe4d3f9,Experiment introduce failing generated test,failure,Tests parallel,Checkout,success,2,2026-06-03T13:43:59Z,2026-06-03T13:44:00Z,1.0,r06_failure,parallel,enabled
26888817920,5,455c157558ed56f8ce38ee131066553bcbe4d3f9,Experiment introduce failing generated test,failure,Tests parallel,Set up Python,success,3,2026-06-03T13:44:00Z,2026-06-03T13:44:02Z,2.0,r06_failure,parallel,enabled
26888817920,5,455c157558ed56f8ce38ee131066553bcbe4d3f9,Experiment introduce failing generated test,failure,Tests parallel,Install dependencies,success,4,2026-06-03T13:44:02Z,2026-06-03T13:44:08Z,6.0,r06_failure,parallel,enabled
26888817920,5,455c157558ed56f8ce38ee131066553bcbe4d3f9,Experiment introduce failing generated test,failure,Tests parallel,Run Pytest,success,5,2026-06-03T13:44:08Z,2026-06-03T13:44:08Z,0.0,r06_failure,parallel,enabled
26888817920,5,455c157558ed56f8ce38ee131066553bcbe4d3f9,Experiment introduce failing generated test,failure,Tests parallel,Summarize test results,success,6,2026-06-03T13:44:08Z,2026-06-03T13:44:08Z,0.0,r06_failure,parallel,enabled
26888817920,5,455c157558ed56f8ce38ee131066553bcbe4d3f9,Experiment introduce failing generated test,failure,Tests parallel,Upload test artifact,success,7,2026-06-03T13:44:08Z,2026-06-03T13:44:09Z,1.0,r06_failure,parallel,enabled
26888817920,5,455c157558ed56f8ce38ee131066553bcbe4d3f9,Experiment introduce failing generated test,failure,Tests parallel,Fail job if tests failed,failure,8,2026-06-03T13:44:09Z,2026-06-03T13:44:09Z,0.0,r06_failure,parallel,enabled
26888817920,5,455c157558ed56f8ce38ee131066553bcbe4d3f9,Experiment introduce failing generated test,failure,Tests parallel,Post Set up Python,skipped,15,2026-06-03T13:44:09Z,2026-06-03T13:44:09Z,0.0,r06_failure,parallel,enabled
26888817920,5,455c157558ed56f8ce38ee131066553bcbe4d3f9,Experiment introduce failing generated test,failure,Tests parallel,Post Checkout,success,16,2026-06-03T13:44:09Z,2026-06-03T13:44:10Z,1.0,r06_failure,parallel,enabled
26888817920,5,455c157558ed56f8ce38ee131066553bcbe4d3f9,Experiment introduce failing generated test,failure,Tests parallel,Complete job,success,17,2026-06-03T13:44:10Z,2026-06-03T13:44:10Z,0.0,r06_failure,parallel,enabled
26888817920,5,455c157558ed56f8ce38ee131066553bcbe4d3f9,Experiment introduce failing generated test,failure,Lint,Set up job,success,1,2026-06-03T13:43:57Z,2026-06-03T13:43:58Z,1.0,r06_failure,parallel,enabled
26888817920,5,455c157558ed56f8ce38ee131066553bcbe4d3f9,Experiment introduce failing generated test,failure,Lint,Checkout,success,2,2026-06-03T13:43:58Z,2026-06-03T13:43:59Z,1.0,r06_failure,parallel,enabled
26888817920,5,455c157558ed56f8ce38ee131066553bcbe4d3f9,Experiment introduce failing generated test,failure,Lint,Set up Python,success,3,2026-06-03T13:43:59Z,2026-06-03T13:44:01Z,2.0,r06_failure,parallel,enabled
26888817920,5,455c157558ed56f8ce38ee131066553bcbe4d3f9,Experiment introduce failing generated test,failure,Lint,Install dependencies,success,4,2026-06-03T13:44:01Z,2026-06-03T13:44:07Z,6.0,r06_failure,parallel,enabled
26888817920,5,455c157558ed56f8ce38ee131066553bcbe4d3f9,Experiment introduce failing generated test,failure,Lint,Run Ruff,success,5,2026-06-03T13:44:07Z,2026-06-03T13:44:07Z,0.0,r06_failure,parallel,enabled
26888817920,5,455c157558ed56f8ce38ee131066553bcbe4d3f9,Experiment introduce failing generated test,failure,Lint,Upload lint artifact,success,6,2026-06-03T13:44:07Z,2026-06-03T13:44:08Z,1.0,r06_failure,parallel,enabled
26888817920,5,455c157558ed56f8ce38ee131066553bcbe4d3f9,Experiment introduce failing generated test,failure,Lint,Post Set up Python,success,11,2026-06-03T13:44:08Z,2026-06-03T13:44:08Z,0.0,r06_failure,parallel,enabled
26888817920,5,455c157558ed56f8ce38ee131066553bcbe4d3f9,Experiment introduce failing generated test,failure,Lint,Post Checkout,success,12,2026-06-03T13:44:08Z,2026-06-03T13:44:08Z,0.0,r06_failure,parallel,enabled
26888817920,5,455c157558ed56f8ce38ee131066553bcbe4d3f9,Experiment introduce failing generated test,failure,Lint,Complete job,success,13,2026-06-03T13:44:08Z,2026-06-03T13:44:08Z,0.0,r06_failure,parallel,enabled
26888818644,6,12be66ce3d3ec254cf4c31df45487e9b4354c259,Experiment add slow generated tests,success,Prepare scenario,Set up job,success,1,2026-06-03T13:43:52Z,2026-06-03T13:43:54Z,2.0,r05_slow_tests,parallel,enabled
26888818644,6,12be66ce3d3ec254cf4c31df45487e9b4354c259,Experiment add slow generated tests,success,Prepare scenario,Checkout,success,2,2026-06-03T13:43:54Z,2026-06-03T13:43:55Z,1.0,r05_slow_tests,parallel,enabled
26888818644,6,12be66ce3d3ec254cf4c31df45487e9b4354c259,Experiment add slow generated tests,success,Prepare scenario,Read experiment scenario,success,3,2026-06-03T13:43:55Z,2026-06-03T13:43:55Z,0.0,r05_slow_tests,parallel,enabled
26888818644,6,12be66ce3d3ec254cf4c31df45487e9b4354c259,Experiment add slow generated tests,success,Prepare scenario,Post Checkout,success,6,2026-06-03T13:43:55Z,2026-06-03T13:43:55Z,0.0,r05_slow_tests,parallel,enabled
26888818644,6,12be66ce3d3ec254cf4c31df45487e9b4354c259,Experiment add slow generated tests,success,Prepare scenario,Complete job,success,7,2026-06-03T13:43:55Z,2026-06-03T13:43:55Z,0.0,r05_slow_tests,parallel,enabled
26888818644,6,12be66ce3d3ec254cf4c31df45487e9b4354c259,Experiment add slow generated tests,success,Tests parallel,Set up job,success,1,2026-06-03T13:44:02Z,2026-06-03T13:44:04Z,2.0,r05_slow_tests,parallel,enabled
26888818644,6,12be66ce3d3ec254cf4c31df45487e9b4354c259,Experiment add slow generated tests,success,Tests parallel,Checkout,success,2,2026-06-03T13:44:04Z,2026-06-03T13:44:05Z,1.0,r05_slow_tests,parallel,enabled
26888818644,6,12be66ce3d3ec254cf4c31df45487e9b4354c259,Experiment add slow generated tests,success,Tests parallel,Set up Python,success,3,2026-06-03T13:44:05Z,2026-06-03T13:44:07Z,2.0,r05_slow_tests,parallel,enabled
26888818644,6,12be66ce3d3ec254cf4c31df45487e9b4354c259,Experiment add slow generated tests,success,Tests parallel,Install dependencies,success,4,2026-06-03T13:44:07Z,2026-06-03T13:44:12Z,5.0,r05_slow_tests,parallel,enabled
26888818644,6,12be66ce3d3ec254cf4c31df45487e9b4354c259,Experiment add slow generated tests,success,Tests parallel,Run Pytest,success,5,2026-06-03T13:44:12Z,2026-06-03T13:44:13Z,1.0,r05_slow_tests,parallel,enabled
26888818644,6,12be66ce3d3ec254cf4c31df45487e9b4354c259,Experiment add slow generated tests,success,Tests parallel,Summarize test results,success,6,2026-06-03T13:44:13Z,2026-06-03T13:44:13Z,0.0,r05_slow_tests,parallel,enabled
26888818644,6,12be66ce3d3ec254cf4c31df45487e9b4354c259,Experiment add slow generated tests,success,Tests parallel,Upload test artifact,success,7,2026-06-03T13:44:13Z,2026-06-03T13:44:14Z,1.0,r05_slow_tests,parallel,enabled
26888818644,6,12be66ce3d3ec254cf4c31df45487e9b4354c259,Experiment add slow generated tests,success,Tests parallel,Fail job if tests failed,success,8,2026-06-03T13:44:14Z,2026-06-03T13:44:15Z,1.0,r05_slow_tests,parallel,enabled
26888818644,6,12be66ce3d3ec254cf4c31df45487e9b4354c259,Experiment add slow generated tests,success,Tests parallel,Post Set up Python,success,15,2026-06-03T13:44:15Z,2026-06-03T13:44:15Z,0.0,r05_slow_tests,parallel,enabled
26888818644,6,12be66ce3d3ec254cf4c31df45487e9b4354c259,Experiment add slow generated tests,success,Tests parallel,Post Checkout,success,16,2026-06-03T13:44:15Z,2026-06-03T13:44:15Z,0.0,r05_slow_tests,parallel,enabled
26888818644,6,12be66ce3d3ec254cf4c31df45487e9b4354c259,Experiment add slow generated tests,success,Tests parallel,Complete job,success,17,2026-06-03T13:44:15Z,2026-06-03T13:44:15Z,0.0,r05_slow_tests,parallel,enabled
26888818644,6,12be66ce3d3ec254cf4c31df45487e9b4354c259,Experiment add slow generated tests,success,Lint,Set up job,success,1,2026-06-03T13:44:01Z,2026-06-03T13:44:02Z,1.0,r05_slow_tests,parallel,enabled
26888818644,6,12be66ce3d3ec254cf4c31df45487e9b4354c259,Experiment add slow generated tests,success,Lint,Checkout,success,2,2026-06-03T13:44:02Z,2026-06-03T13:44:03Z,1.0,r05_slow_tests,parallel,enabled
26888818644,6,12be66ce3d3ec254cf4c31df45487e9b4354c259,Experiment add slow generated tests,success,Lint,Set up Python,success,3,2026-06-03T13:44:03Z,2026-06-03T13:44:04Z,1.0,r05_slow_tests,parallel,enabled
26888818644,6,12be66ce3d3ec254cf4c31df45487e9b4354c259,Experiment add slow generated tests,success,Lint,Install dependencies,success,4,2026-06-03T13:44:04Z,2026-06-03T13:44:09Z,5.0,r05_slow_tests,parallel,enabled
26888818644,6,12be66ce3d3ec254cf4c31df45487e9b4354c259,Experiment add slow generated tests,success,Lint,Run Ruff,success,5,2026-06-03T13:44:09Z,2026-06-03T13:44:09Z,0.0,r05_slow_tests,parallel,enabled
26888818644,6,12be66ce3d3ec254cf4c31df45487e9b4354c259,Experiment add slow generated tests,success,Lint,Upload lint artifact,success,6,2026-06-03T13:44:09Z,2026-06-03T13:44:10Z,1.0,r05_slow_tests,parallel,enabled
26888818644,6,12be66ce3d3ec254cf4c31df45487e9b4354c259,Experiment add slow generated tests,success,Lint,Post Set up Python,success,11,2026-06-03T13:44:10Z,2026-06-03T13:44:10Z,0.0,r05_slow_tests,parallel,enabled
26888818644,6,12be66ce3d3ec254cf4c31df45487e9b4354c259,Experiment add slow generated tests,success,Lint,Post Checkout,success,12,2026-06-03T13:44:10Z,2026-06-03T13:44:10Z,0.0,r05_slow_tests,parallel,enabled
26888818644,6,12be66ce3d3ec254cf4c31df45487e9b4354c259,Experiment add slow generated tests,success,Lint,Complete job,success,13,2026-06-03T13:44:10Z,2026-06-03T13:44:10Z,0.0,r05_slow_tests,parallel,enabled
26888820058,7,7c332ccb15b28829ada7a8ba3803fff50ec68656,Experiment recover failed test,success,Prepare scenario,Set up job,success,1,2026-06-03T13:43:53Z,2026-06-03T13:43:54Z,1.0,r07_recovery,parallel,enabled
26888820058,7,7c332ccb15b28829ada7a8ba3803fff50ec68656,Experiment recover failed test,success,Prepare scenario,Checkout,success,2,2026-06-03T13:43:54Z,2026-06-03T13:43:55Z,1.0,r07_recovery,parallel,enabled
26888820058,7,7c332ccb15b28829ada7a8ba3803fff50ec68656,Experiment recover failed test,success,Prepare scenario,Read experiment scenario,success,3,2026-06-03T13:43:55Z,2026-06-03T13:43:55Z,0.0,r07_recovery,parallel,enabled
26888820058,7,7c332ccb15b28829ada7a8ba3803fff50ec68656,Experiment recover failed test,success,Prepare scenario,Post Checkout,success,6,2026-06-03T13:43:55Z,2026-06-03T13:43:55Z,0.0,r07_recovery,parallel,enabled
26888820058,7,7c332ccb15b28829ada7a8ba3803fff50ec68656,Experiment recover failed test,success,Prepare scenario,Complete job,success,7,2026-06-03T13:43:55Z,2026-06-03T13:43:55Z,0.0,r07_recovery,parallel,enabled
26888820058,7,7c332ccb15b28829ada7a8ba3803fff50ec68656,Experiment recover failed test,success,Lint,Set up job,success,1,2026-06-03T13:44:01Z,2026-06-03T13:44:02Z,1.0,r07_recovery,parallel,enabled
26888820058,7,7c332ccb15b28829ada7a8ba3803fff50ec68656,Experiment recover failed test,success,Lint,Checkout,success,2,2026-06-03T13:44:02Z,2026-06-03T13:44:03Z,1.0,r07_recovery,parallel,enabled
26888820058,7,7c332ccb15b28829ada7a8ba3803fff50ec68656,Experiment recover failed test,success,Lint,Set up Python,success,3,2026-06-03T13:44:03Z,2026-06-03T13:44:04Z,1.0,r07_recovery,parallel,enabled
26888820058,7,7c332ccb15b28829ada7a8ba3803fff50ec68656,Experiment recover failed test,success,Lint,Install dependencies,success,4,2026-06-03T13:44:04Z,2026-06-03T13:44:09Z,5.0,r07_recovery,parallel,enabled
26888820058,7,7c332ccb15b28829ada7a8ba3803fff50ec68656,Experiment recover failed test,success,Lint,Run Ruff,success,5,2026-06-03T13:44:09Z,2026-06-03T13:44:09Z,0.0,r07_recovery,parallel,enabled
26888820058,7,7c332ccb15b28829ada7a8ba3803fff50ec68656,Experiment recover failed test,success,Lint,Upload lint artifact,success,6,2026-06-03T13:44:09Z,2026-06-03T13:44:10Z,1.0,r07_recovery,parallel,enabled
26888820058,7,7c332ccb15b28829ada7a8ba3803fff50ec68656,Experiment recover failed test,success,Lint,Post Set up Python,success,11,2026-06-03T13:44:10Z,2026-06-03T13:44:10Z,0.0,r07_recovery,parallel,enabled
26888820058,7,7c332ccb15b28829ada7a8ba3803fff50ec68656,Experiment recover failed test,success,Lint,Post Checkout,success,12,2026-06-03T13:44:10Z,2026-06-03T13:44:10Z,0.0,r07_recovery,parallel,enabled
26888820058,7,7c332ccb15b28829ada7a8ba3803fff50ec68656,Experiment recover failed test,success,Lint,Complete job,success,13,2026-06-03T13:44:10Z,2026-06-03T13:44:10Z,0.0,r07_recovery,parallel,enabled
26888820058,7,7c332ccb15b28829ada7a8ba3803fff50ec68656,Experiment recover failed test,success,Tests parallel,Set up job,success,1,2026-06-03T13:44:02Z,2026-06-03T13:44:03Z,1.0,r07_recovery,parallel,enabled
26888820058,7,7c332ccb15b28829ada7a8ba3803fff50ec68656,Experiment recover failed test,success,Tests parallel,Checkout,success,2,2026-06-03T13:44:03Z,2026-06-03T13:44:04Z,1.0,r07_recovery,parallel,enabled
26888820058,7,7c332ccb15b28829ada7a8ba3803fff50ec68656,Experiment recover failed test,success,Tests parallel,Set up Python,success,3,2026-06-03T13:44:04Z,2026-06-03T13:44:08Z,4.0,r07_recovery,parallel,enabled
26888820058,7,7c332ccb15b28829ada7a8ba3803fff50ec68656,Experiment recover failed test,success,Tests parallel,Install dependencies,success,4,2026-06-03T13:44:08Z,2026-06-03T13:44:14Z,6.0,r07_recovery,parallel,enabled
26888820058,7,7c332ccb15b28829ada7a8ba3803fff50ec68656,Experiment recover failed test,success,Tests parallel,Run Pytest,success,5,2026-06-03T13:44:14Z,2026-06-03T13:44:15Z,1.0,r07_recovery,parallel,enabled
26888820058,7,7c332ccb15b28829ada7a8ba3803fff50ec68656,Experiment recover failed test,success,Tests parallel,Summarize test results,success,6,2026-06-03T13:44:15Z,2026-06-03T13:44:15Z,0.0,r07_recovery,parallel,enabled
26888820058,7,7c332ccb15b28829ada7a8ba3803fff50ec68656,Experiment recover failed test,success,Tests parallel,Upload test artifact,success,7,2026-06-03T13:44:15Z,2026-06-03T13:44:16Z,1.0,r07_recovery,parallel,enabled
26888820058,7,7c332ccb15b28829ada7a8ba3803fff50ec68656,Experiment recover failed test,success,Tests parallel,Fail job if tests failed,success,8,2026-06-03T13:44:16Z,2026-06-03T13:44:16Z,0.0,r07_recovery,parallel,enabled
26888820058,7,7c332ccb15b28829ada7a8ba3803fff50ec68656,Experiment recover failed test,success,Tests parallel,Post Set up Python,success,15,2026-06-03T13:44:16Z,2026-06-03T13:44:17Z,1.0,r07_recovery,parallel,enabled
26888820058,7,7c332ccb15b28829ada7a8ba3803fff50ec68656,Experiment recover failed test,success,Tests parallel,Post Checkout,success,16,2026-06-03T13:44:17Z,2026-06-03T13:44:17Z,0.0,r07_recovery,parallel,enabled
26888820058,7,7c332ccb15b28829ada7a8ba3803fff50ec68656,Experiment recover failed test,success,Tests parallel,Complete job,success,17,2026-06-03T13:44:17Z,2026-06-03T13:44:17Z,0.0,r07_recovery,parallel,enabled
26888822293,8,addb7e42376636e8347aa95f55a4c854c88e8643,Experiment disable dependency cache,success,Prepare scenario,Set up job,success,1,2026-06-03T13:43:56Z,2026-06-03T13:43:57Z,1.0,r08_no_cache,parallel,disabled
26888822293,8,addb7e42376636e8347aa95f55a4c854c88e8643,Experiment disable dependency cache,success,Prepare scenario,Checkout,success,2,2026-06-03T13:43:58Z,2026-06-03T13:43:58Z,0.0,r08_no_cache,parallel,disabled
26888822293,8,addb7e42376636e8347aa95f55a4c854c88e8643,Experiment disable dependency cache,success,Prepare scenario,Read experiment scenario,success,3,2026-06-03T13:43:58Z,2026-06-03T13:43:58Z,0.0,r08_no_cache,parallel,disabled
26888822293,8,addb7e42376636e8347aa95f55a4c854c88e8643,Experiment disable dependency cache,success,Prepare scenario,Post Checkout,success,6,2026-06-03T13:43:58Z,2026-06-03T13:43:59Z,1.0,r08_no_cache,parallel,disabled
26888822293,8,addb7e42376636e8347aa95f55a4c854c88e8643,Experiment disable dependency cache,success,Prepare scenario,Complete job,success,7,2026-06-03T13:43:59Z,2026-06-03T13:43:59Z,0.0,r08_no_cache,parallel,disabled
26888822293,8,addb7e42376636e8347aa95f55a4c854c88e8643,Experiment disable dependency cache,success,Lint,Set up job,success,1,2026-06-03T13:44:05Z,2026-06-03T13:44:06Z,1.0,r08_no_cache,parallel,disabled
26888822293,8,addb7e42376636e8347aa95f55a4c854c88e8643,Experiment disable dependency cache,success,Lint,Checkout,success,2,2026-06-03T13:44:06Z,2026-06-03T13:44:07Z,1.0,r08_no_cache,parallel,disabled
26888822293,8,addb7e42376636e8347aa95f55a4c854c88e8643,Experiment disable dependency cache,success,Lint,Set up Python,success,3,2026-06-03T13:44:07Z,2026-06-03T13:44:08Z,1.0,r08_no_cache,parallel,disabled
26888822293,8,addb7e42376636e8347aa95f55a4c854c88e8643,Experiment disable dependency cache,success,Lint,Install dependencies,success,4,2026-06-03T13:44:08Z,2026-06-03T13:44:14Z,6.0,r08_no_cache,parallel,disabled
26888822293,8,addb7e42376636e8347aa95f55a4c854c88e8643,Experiment disable dependency cache,success,Lint,Run Ruff,success,5,2026-06-03T13:44:14Z,2026-06-03T13:44:14Z,0.0,r08_no_cache,parallel,disabled
26888822293,8,addb7e42376636e8347aa95f55a4c854c88e8643,Experiment disable dependency cache,success,Lint,Upload lint artifact,success,6,2026-06-03T13:44:14Z,2026-06-03T13:44:15Z,1.0,r08_no_cache,parallel,disabled
26888822293,8,addb7e42376636e8347aa95f55a4c854c88e8643,Experiment disable dependency cache,success,Lint,Post Set up Python,success,11,2026-06-03T13:44:15Z,2026-06-03T13:44:15Z,0.0,r08_no_cache,parallel,disabled
26888822293,8,addb7e42376636e8347aa95f55a4c854c88e8643,Experiment disable dependency cache,success,Lint,Post Checkout,success,12,2026-06-03T13:44:15Z,2026-06-03T13:44:15Z,0.0,r08_no_cache,parallel,disabled
26888822293,8,addb7e42376636e8347aa95f55a4c854c88e8643,Experiment disable dependency cache,success,Lint,Complete job,success,13,2026-06-03T13:44:15Z,2026-06-03T13:44:15Z,0.0,r08_no_cache,parallel,disabled
26888822293,8,addb7e42376636e8347aa95f55a4c854c88e8643,Experiment disable dependency cache,success,Tests parallel,Set up job,success,1,2026-06-03T13:44:05Z,2026-06-03T13:44:07Z,2.0,r08_no_cache,parallel,disabled
26888822293,8,addb7e42376636e8347aa95f55a4c854c88e8643,Experiment disable dependency cache,success,Tests parallel,Checkout,success,2,2026-06-03T13:44:07Z,2026-06-03T13:44:08Z,1.0,r08_no_cache,parallel,disabled
26888822293,8,addb7e42376636e8347aa95f55a4c854c88e8643,Experiment disable dependency cache,success,Tests parallel,Set up Python,success,3,2026-06-03T13:44:08Z,2026-06-03T13:44:08Z,0.0,r08_no_cache,parallel,disabled
26888822293,8,addb7e42376636e8347aa95f55a4c854c88e8643,Experiment disable dependency cache,success,Tests parallel,Install dependencies,success,4,2026-06-03T13:44:08Z,2026-06-03T13:44:14Z,6.0,r08_no_cache,parallel,disabled
26888822293,8,addb7e42376636e8347aa95f55a4c854c88e8643,Experiment disable dependency cache,success,Tests parallel,Run Pytest,success,5,2026-06-03T13:44:14Z,2026-06-03T13:44:14Z,0.0,r08_no_cache,parallel,disabled
26888822293,8,addb7e42376636e8347aa95f55a4c854c88e8643,Experiment disable dependency cache,success,Tests parallel,Summarize test results,success,6,2026-06-03T13:44:14Z,2026-06-03T13:44:14Z,0.0,r08_no_cache,parallel,disabled
26888822293,8,addb7e42376636e8347aa95f55a4c854c88e8643,Experiment disable dependency cache,success,Tests parallel,Upload test artifact,success,7,2026-06-03T13:44:14Z,2026-06-03T13:44:16Z,2.0,r08_no_cache,parallel,disabled
26888822293,8,addb7e42376636e8347aa95f55a4c854c88e8643,Experiment disable dependency cache,success,Tests parallel,Fail job if tests failed,success,8,2026-06-03T13:44:16Z,2026-06-03T13:44:16Z,0.0,r08_no_cache,parallel,disabled
26888822293,8,addb7e42376636e8347aa95f55a4c854c88e8643,Experiment disable dependency cache,success,Tests parallel,Post Set up Python,success,15,2026-06-03T13:44:16Z,2026-06-03T13:44:16Z,0.0,r08_no_cache,parallel,disabled
26888822293,8,addb7e42376636e8347aa95f55a4c854c88e8643,Experiment disable dependency cache,success,Tests parallel,Post Checkout,success,16,2026-06-03T13:44:16Z,2026-06-03T13:44:16Z,0.0,r08_no_cache,parallel,disabled
26888822293,8,addb7e42376636e8347aa95f55a4c854c88e8643,Experiment disable dependency cache,success,Tests parallel,Complete job,success,17,2026-06-03T13:44:16Z,2026-06-03T13:44:16Z,0.0,r08_no_cache,parallel,disabled
26888822884,9,ae72107b1aae16c28dd5fcfc8c173b5db439c24e,Experiment expand tests without cache,success,Prepare scenario,Set up job,success,1,2026-06-03T13:43:57Z,2026-06-03T13:43:58Z,1.0,r09_no_cache_more_tests,parallel,disabled
26888822884,9,ae72107b1aae16c28dd5fcfc8c173b5db439c24e,Experiment expand tests without cache,success,Prepare scenario,Checkout,success,2,2026-06-03T13:43:58Z,2026-06-03T13:43:58Z,0.0,r09_no_cache_more_tests,parallel,disabled
26888822884,9,ae72107b1aae16c28dd5fcfc8c173b5db439c24e,Experiment expand tests without cache,success,Prepare scenario,Read experiment scenario,success,3,2026-06-03T13:43:58Z,2026-06-03T13:43:58Z,0.0,r09_no_cache_more_tests,parallel,disabled
26888822884,9,ae72107b1aae16c28dd5fcfc8c173b5db439c24e,Experiment expand tests without cache,success,Prepare scenario,Post Checkout,success,6,2026-06-03T13:43:58Z,2026-06-03T13:43:59Z,1.0,r09_no_cache_more_tests,parallel,disabled
26888822884,9,ae72107b1aae16c28dd5fcfc8c173b5db439c24e,Experiment expand tests without cache,success,Prepare scenario,Complete job,success,7,2026-06-03T13:43:59Z,2026-06-03T13:43:59Z,0.0,r09_no_cache_more_tests,parallel,disabled
26888822884,9,ae72107b1aae16c28dd5fcfc8c173b5db439c24e,Experiment expand tests without cache,success,Tests parallel,Set up job,success,1,2026-06-03T13:44:06Z,2026-06-03T13:44:07Z,1.0,r09_no_cache_more_tests,parallel,disabled
26888822884,9,ae72107b1aae16c28dd5fcfc8c173b5db439c24e,Experiment expand tests without cache,success,Tests parallel,Checkout,success,2,2026-06-03T13:44:07Z,2026-06-03T13:44:07Z,0.0,r09_no_cache_more_tests,parallel,disabled
26888822884,9,ae72107b1aae16c28dd5fcfc8c173b5db439c24e,Experiment expand tests without cache,success,Tests parallel,Set up Python,success,3,2026-06-03T13:44:07Z,2026-06-03T13:44:08Z,1.0,r09_no_cache_more_tests,parallel,disabled
26888822884,9,ae72107b1aae16c28dd5fcfc8c173b5db439c24e,Experiment expand tests without cache,success,Tests parallel,Install dependencies,success,4,2026-06-03T13:44:08Z,2026-06-03T13:44:16Z,8.0,r09_no_cache_more_tests,parallel,disabled
26888822884,9,ae72107b1aae16c28dd5fcfc8c173b5db439c24e,Experiment expand tests without cache,success,Tests parallel,Run Pytest,success,5,2026-06-03T13:44:16Z,2026-06-03T13:44:17Z,1.0,r09_no_cache_more_tests,parallel,disabled
26888822884,9,ae72107b1aae16c28dd5fcfc8c173b5db439c24e,Experiment expand tests without cache,success,Tests parallel,Summarize test results,success,6,2026-06-03T13:44:17Z,2026-06-03T13:44:17Z,0.0,r09_no_cache_more_tests,parallel,disabled
26888822884,9,ae72107b1aae16c28dd5fcfc8c173b5db439c24e,Experiment expand tests without cache,success,Tests parallel,Upload test artifact,success,7,2026-06-03T13:44:17Z,2026-06-03T13:44:18Z,1.0,r09_no_cache_more_tests,parallel,disabled
26888822884,9,ae72107b1aae16c28dd5fcfc8c173b5db439c24e,Experiment expand tests without cache,success,Tests parallel,Fail job if tests failed,success,8,2026-06-03T13:44:18Z,2026-06-03T13:44:18Z,0.0,r09_no_cache_more_tests,parallel,disabled
26888822884,9,ae72107b1aae16c28dd5fcfc8c173b5db439c24e,Experiment expand tests without cache,success,Tests parallel,Post Set up Python,success,15,2026-06-03T13:44:18Z,2026-06-03T13:44:18Z,0.0,r09_no_cache_more_tests,parallel,disabled
26888822884,9,ae72107b1aae16c28dd5fcfc8c173b5db439c24e,Experiment expand tests without cache,success,Tests parallel,Post Checkout,success,16,2026-06-03T13:44:18Z,2026-06-03T13:44:18Z,0.0,r09_no_cache_more_tests,parallel,disabled
26888822884,9,ae72107b1aae16c28dd5fcfc8c173b5db439c24e,Experiment expand tests without cache,success,Tests parallel,Complete job,success,17,2026-06-03T13:44:18Z,2026-06-03T13:44:18Z,0.0,r09_no_cache_more_tests,parallel,disabled
26888822884,9,ae72107b1aae16c28dd5fcfc8c173b5db439c24e,Experiment expand tests without cache,success,Lint,Set up job,success,1,2026-06-03T13:44:05Z,2026-06-03T13:44:06Z,1.0,r09_no_cache_more_tests,parallel,disabled
26888822884,9,ae72107b1aae16c28dd5fcfc8c173b5db439c24e,Experiment expand tests without cache,success,Lint,Checkout,success,2,2026-06-03T13:44:06Z,2026-06-03T13:44:07Z,1.0,r09_no_cache_more_tests,parallel,disabled
26888822884,9,ae72107b1aae16c28dd5fcfc8c173b5db439c24e,Experiment expand tests without cache,success,Lint,Set up Python,success,3,2026-06-03T13:44:07Z,2026-06-03T13:44:07Z,0.0,r09_no_cache_more_tests,parallel,disabled
26888822884,9,ae72107b1aae16c28dd5fcfc8c173b5db439c24e,Experiment expand tests without cache,success,Lint,Install dependencies,success,4,2026-06-03T13:44:07Z,2026-06-03T13:44:15Z,8.0,r09_no_cache_more_tests,parallel,disabled
26888822884,9,ae72107b1aae16c28dd5fcfc8c173b5db439c24e,Experiment expand tests without cache,success,Lint,Run Ruff,success,5,2026-06-03T13:44:15Z,2026-06-03T13:44:15Z,0.0,r09_no_cache_more_tests,parallel,disabled
26888822884,9,ae72107b1aae16c28dd5fcfc8c173b5db439c24e,Experiment expand tests without cache,success,Lint,Upload lint artifact,success,6,2026-06-03T13:44:15Z,2026-06-03T13:44:15Z,0.0,r09_no_cache_more_tests,parallel,disabled
26888822884,9,ae72107b1aae16c28dd5fcfc8c173b5db439c24e,Experiment expand tests without cache,success,Lint,Post Set up Python,success,11,2026-06-03T13:44:15Z,2026-06-03T13:44:15Z,0.0,r09_no_cache_more_tests,parallel,disabled
26888822884,9,ae72107b1aae16c28dd5fcfc8c173b5db439c24e,Experiment expand tests without cache,success,Lint,Post Checkout,success,12,2026-06-03T13:44:15Z,2026-06-03T13:44:16Z,1.0,r09_no_cache_more_tests,parallel,disabled
26888822884,9,ae72107b1aae16c28dd5fcfc8c173b5db439c24e,Experiment expand tests without cache,success,Lint,Complete job,success,13,2026-06-03T13:44:16Z,2026-06-03T13:44:16Z,0.0,r09_no_cache_more_tests,parallel,disabled
26888824460,10,0ab11695d906cd5b2f0e4617eabde3bc74f8ebff,Experiment compare parallel jobs,success,Prepare scenario,Set up job,success,1,2026-06-03T13:43:58Z,2026-06-03T13:44:00Z,2.0,r12_parallel_pair,parallel,enabled
26888824460,10,0ab11695d906cd5b2f0e4617eabde3bc74f8ebff,Experiment compare parallel jobs,success,Prepare scenario,Checkout,success,2,2026-06-03T13:44:00Z,2026-06-03T13:44:01Z,1.0,r12_parallel_pair,parallel,enabled
26888824460,10,0ab11695d906cd5b2f0e4617eabde3bc74f8ebff,Experiment compare parallel jobs,success,Prepare scenario,Read experiment scenario,success,3,2026-06-03T13:44:01Z,2026-06-03T13:44:01Z,0.0,r12_parallel_pair,parallel,enabled
26888824460,10,0ab11695d906cd5b2f0e4617eabde3bc74f8ebff,Experiment compare parallel jobs,success,Prepare scenario,Post Checkout,success,6,2026-06-03T13:44:01Z,2026-06-03T13:44:01Z,0.0,r12_parallel_pair,parallel,enabled
26888824460,10,0ab11695d906cd5b2f0e4617eabde3bc74f8ebff,Experiment compare parallel jobs,success,Prepare scenario,Complete job,success,7,2026-06-03T13:44:01Z,2026-06-03T13:44:01Z,0.0,r12_parallel_pair,parallel,enabled
26888824460,10,0ab11695d906cd5b2f0e4617eabde3bc74f8ebff,Experiment compare parallel jobs,success,Tests parallel,Set up job,success,1,2026-06-03T13:44:06Z,2026-06-03T13:44:08Z,2.0,r12_parallel_pair,parallel,enabled
26888824460,10,0ab11695d906cd5b2f0e4617eabde3bc74f8ebff,Experiment compare parallel jobs,success,Tests parallel,Checkout,success,2,2026-06-03T13:44:08Z,2026-06-03T13:44:09Z,1.0,r12_parallel_pair,parallel,enabled
26888824460,10,0ab11695d906cd5b2f0e4617eabde3bc74f8ebff,Experiment compare parallel jobs,success,Tests parallel,Set up Python,success,3,2026-06-03T13:44:09Z,2026-06-03T13:44:10Z,1.0,r12_parallel_pair,parallel,enabled
26888824460,10,0ab11695d906cd5b2f0e4617eabde3bc74f8ebff,Experiment compare parallel jobs,success,Tests parallel,Install dependencies,success,4,2026-06-03T13:44:10Z,2026-06-03T13:44:15Z,5.0,r12_parallel_pair,parallel,enabled
26888824460,10,0ab11695d906cd5b2f0e4617eabde3bc74f8ebff,Experiment compare parallel jobs,success,Tests parallel,Run Pytest,success,5,2026-06-03T13:44:15Z,2026-06-03T13:44:16Z,1.0,r12_parallel_pair,parallel,enabled
26888824460,10,0ab11695d906cd5b2f0e4617eabde3bc74f8ebff,Experiment compare parallel jobs,success,Tests parallel,Summarize test results,success,6,2026-06-03T13:44:16Z,2026-06-03T13:44:16Z,0.0,r12_parallel_pair,parallel,enabled
26888824460,10,0ab11695d906cd5b2f0e4617eabde3bc74f8ebff,Experiment compare parallel jobs,success,Tests parallel,Upload test artifact,success,7,2026-06-03T13:44:16Z,2026-06-03T13:44:16Z,0.0,r12_parallel_pair,parallel,enabled
26888824460,10,0ab11695d906cd5b2f0e4617eabde3bc74f8ebff,Experiment compare parallel jobs,success,Tests parallel,Fail job if tests failed,success,8,2026-06-03T13:44:16Z,2026-06-03T13:44:16Z,0.0,r12_parallel_pair,parallel,enabled
26888824460,10,0ab11695d906cd5b2f0e4617eabde3bc74f8ebff,Experiment compare parallel jobs,success,Tests parallel,Post Set up Python,success,15,2026-06-03T13:44:16Z,2026-06-03T13:44:16Z,0.0,r12_parallel_pair,parallel,enabled
26888824460,10,0ab11695d906cd5b2f0e4617eabde3bc74f8ebff,Experiment compare parallel jobs,success,Tests parallel,Post Checkout,success,16,2026-06-03T13:44:16Z,2026-06-03T13:44:17Z,1.0,r12_parallel_pair,parallel,enabled
26888824460,10,0ab11695d906cd5b2f0e4617eabde3bc74f8ebff,Experiment compare parallel jobs,success,Tests parallel,Complete job,success,17,2026-06-03T13:44:17Z,2026-06-03T13:44:17Z,0.0,r12_parallel_pair,parallel,enabled
26888824460,10,0ab11695d906cd5b2f0e4617eabde3bc74f8ebff,Experiment compare parallel jobs,success,Lint,Set up job,success,1,2026-06-03T13:44:07Z,2026-06-03T13:44:08Z,1.0,r12_parallel_pair,parallel,enabled
26888824460,10,0ab11695d906cd5b2f0e4617eabde3bc74f8ebff,Experiment compare parallel jobs,success,Lint,Checkout,success,2,2026-06-03T13:44:08Z,2026-06-03T13:44:09Z,1.0,r12_parallel_pair,parallel,enabled
26888824460,10,0ab11695d906cd5b2f0e4617eabde3bc74f8ebff,Experiment compare parallel jobs,success,Lint,Set up Python,success,3,2026-06-03T13:44:09Z,2026-06-03T13:44:10Z,1.0,r12_parallel_pair,parallel,enabled
26888824460,10,0ab11695d906cd5b2f0e4617eabde3bc74f8ebff,Experiment compare parallel jobs,success,Lint,Install dependencies,success,4,2026-06-03T13:44:10Z,2026-06-03T13:44:15Z,5.0,r12_parallel_pair,parallel,enabled
26888824460,10,0ab11695d906cd5b2f0e4617eabde3bc74f8ebff,Experiment compare parallel jobs,success,Lint,Run Ruff,success,5,2026-06-03T13:44:15Z,2026-06-03T13:44:15Z,0.0,r12_parallel_pair,parallel,enabled
26888824460,10,0ab11695d906cd5b2f0e4617eabde3bc74f8ebff,Experiment compare parallel jobs,success,Lint,Upload lint artifact,success,6,2026-06-03T13:44:15Z,2026-06-03T13:44:16Z,1.0,r12_parallel_pair,parallel,enabled
26888824460,10,0ab11695d906cd5b2f0e4617eabde3bc74f8ebff,Experiment compare parallel jobs,success,Lint,Post Set up Python,success,11,2026-06-03T13:44:16Z,2026-06-03T13:44:16Z,0.0,r12_parallel_pair,parallel,enabled
26888824460,10,0ab11695d906cd5b2f0e4617eabde3bc74f8ebff,Experiment compare parallel jobs,success,Lint,Post Checkout,success,12,2026-06-03T13:44:16Z,2026-06-03T13:44:16Z,0.0,r12_parallel_pair,parallel,enabled
26888824460,10,0ab11695d906cd5b2f0e4617eabde3bc74f8ebff,Experiment compare parallel jobs,success,Lint,Complete job,success,13,2026-06-03T13:44:16Z,2026-06-03T13:44:16Z,0.0,r12_parallel_pair,parallel,enabled
26888824793,11,efa216b1750f09f3c834bb0feea1c460bb2bf65e,Experiment re-enable dependency cache,success,Prepare scenario,Set up job,success,1,2026-06-03T13:43:59Z,2026-06-03T13:44:00Z,1.0,r10_cache_restored,parallel,enabled
26888824793,11,efa216b1750f09f3c834bb0feea1c460bb2bf65e,Experiment re-enable dependency cache,success,Prepare scenario,Checkout,success,2,2026-06-03T13:44:00Z,2026-06-03T13:44:01Z,1.0,r10_cache_restored,parallel,enabled
26888824793,11,efa216b1750f09f3c834bb0feea1c460bb2bf65e,Experiment re-enable dependency cache,success,Prepare scenario,Read experiment scenario,success,3,2026-06-03T13:44:01Z,2026-06-03T13:44:01Z,0.0,r10_cache_restored,parallel,enabled
26888824793,11,efa216b1750f09f3c834bb0feea1c460bb2bf65e,Experiment re-enable dependency cache,success,Prepare scenario,Post Checkout,success,6,2026-06-03T13:44:01Z,2026-06-03T13:44:01Z,0.0,r10_cache_restored,parallel,enabled
26888824793,11,efa216b1750f09f3c834bb0feea1c460bb2bf65e,Experiment re-enable dependency cache,success,Prepare scenario,Complete job,success,7,2026-06-03T13:44:01Z,2026-06-03T13:44:01Z,0.0,r10_cache_restored,parallel,enabled
26888824793,11,efa216b1750f09f3c834bb0feea1c460bb2bf65e,Experiment re-enable dependency cache,success,Tests parallel,Set up job,success,1,2026-06-03T13:44:09Z,2026-06-03T13:44:11Z,2.0,r10_cache_restored,parallel,enabled
26888824793,11,efa216b1750f09f3c834bb0feea1c460bb2bf65e,Experiment re-enable dependency cache,success,Tests parallel,Checkout,success,2,2026-06-03T13:44:11Z,2026-06-03T13:44:12Z,1.0,r10_cache_restored,parallel,enabled
26888824793,11,efa216b1750f09f3c834bb0feea1c460bb2bf65e,Experiment re-enable dependency cache,success,Tests parallel,Set up Python,success,3,2026-06-03T13:44:12Z,2026-06-03T13:44:14Z,2.0,r10_cache_restored,parallel,enabled
26888824793,11,efa216b1750f09f3c834bb0feea1c460bb2bf65e,Experiment re-enable dependency cache,success,Tests parallel,Install dependencies,success,4,2026-06-03T13:44:14Z,2026-06-03T13:44:20Z,6.0,r10_cache_restored,parallel,enabled
26888824793,11,efa216b1750f09f3c834bb0feea1c460bb2bf65e,Experiment re-enable dependency cache,success,Tests parallel,Run Pytest,success,5,2026-06-03T13:44:20Z,2026-06-03T13:44:20Z,0.0,r10_cache_restored,parallel,enabled
26888824793,11,efa216b1750f09f3c834bb0feea1c460bb2bf65e,Experiment re-enable dependency cache,success,Tests parallel,Summarize test results,success,6,2026-06-03T13:44:20Z,2026-06-03T13:44:20Z,0.0,r10_cache_restored,parallel,enabled
26888824793,11,efa216b1750f09f3c834bb0feea1c460bb2bf65e,Experiment re-enable dependency cache,success,Tests parallel,Upload test artifact,success,7,2026-06-03T13:44:20Z,2026-06-03T13:44:21Z,1.0,r10_cache_restored,parallel,enabled
26888824793,11,efa216b1750f09f3c834bb0feea1c460bb2bf65e,Experiment re-enable dependency cache,success,Tests parallel,Fail job if tests failed,success,8,2026-06-03T13:44:21Z,2026-06-03T13:44:21Z,0.0,r10_cache_restored,parallel,enabled
26888824793,11,efa216b1750f09f3c834bb0feea1c460bb2bf65e,Experiment re-enable dependency cache,success,Tests parallel,Post Set up Python,success,15,2026-06-03T13:44:21Z,2026-06-03T13:44:21Z,0.0,r10_cache_restored,parallel,enabled
26888824793,11,efa216b1750f09f3c834bb0feea1c460bb2bf65e,Experiment re-enable dependency cache,success,Tests parallel,Post Checkout,success,16,2026-06-03T13:44:21Z,2026-06-03T13:44:22Z,1.0,r10_cache_restored,parallel,enabled
26888824793,11,efa216b1750f09f3c834bb0feea1c460bb2bf65e,Experiment re-enable dependency cache,success,Tests parallel,Complete job,success,17,2026-06-03T13:44:22Z,2026-06-03T13:44:22Z,0.0,r10_cache_restored,parallel,enabled
26888824793,11,efa216b1750f09f3c834bb0feea1c460bb2bf65e,Experiment re-enable dependency cache,success,Lint,Set up job,success,1,2026-06-03T13:44:08Z,2026-06-03T13:44:10Z,2.0,r10_cache_restored,parallel,enabled
26888824793,11,efa216b1750f09f3c834bb0feea1c460bb2bf65e,Experiment re-enable dependency cache,success,Lint,Checkout,success,2,2026-06-03T13:44:10Z,2026-06-03T13:44:10Z,0.0,r10_cache_restored,parallel,enabled
26888824793,11,efa216b1750f09f3c834bb0feea1c460bb2bf65e,Experiment re-enable dependency cache,success,Lint,Set up Python,success,3,2026-06-03T13:44:11Z,2026-06-03T13:44:13Z,2.0,r10_cache_restored,parallel,enabled
26888824793,11,efa216b1750f09f3c834bb0feea1c460bb2bf65e,Experiment re-enable dependency cache,success,Lint,Install dependencies,success,4,2026-06-03T13:44:13Z,2026-06-03T13:44:18Z,5.0,r10_cache_restored,parallel,enabled
26888824793,11,efa216b1750f09f3c834bb0feea1c460bb2bf65e,Experiment re-enable dependency cache,success,Lint,Run Ruff,success,5,2026-06-03T13:44:18Z,2026-06-03T13:44:18Z,0.0,r10_cache_restored,parallel,enabled
26888824793,11,efa216b1750f09f3c834bb0feea1c460bb2bf65e,Experiment re-enable dependency cache,success,Lint,Upload lint artifact,success,6,2026-06-03T13:44:18Z,2026-06-03T13:44:20Z,2.0,r10_cache_restored,parallel,enabled
26888824793,11,efa216b1750f09f3c834bb0feea1c460bb2bf65e,Experiment re-enable dependency cache,success,Lint,Post Set up Python,success,11,2026-06-03T13:44:20Z,2026-06-03T13:44:20Z,0.0,r10_cache_restored,parallel,enabled
26888824793,11,efa216b1750f09f3c834bb0feea1c460bb2bf65e,Experiment re-enable dependency cache,success,Lint,Post Checkout,success,12,2026-06-03T13:44:20Z,2026-06-03T13:44:20Z,0.0,r10_cache_restored,parallel,enabled
26888824793,11,efa216b1750f09f3c834bb0feea1c460bb2bf65e,Experiment re-enable dependency cache,success,Lint,Complete job,success,13,2026-06-03T13:44:20Z,2026-06-03T13:44:20Z,0.0,r10_cache_restored,parallel,enabled
26888826817,12,beeb71b0e106a5c21acbf87ed8978ec2f1936212,Experiment switch to sequential jobs,success,Prepare scenario,Set up job,success,1,2026-06-03T13:44:01Z,2026-06-03T13:44:02Z,1.0,r11_sequential,sequential,enabled
26888826817,12,beeb71b0e106a5c21acbf87ed8978ec2f1936212,Experiment switch to sequential jobs,success,Prepare scenario,Checkout,success,2,2026-06-03T13:44:02Z,2026-06-03T13:44:03Z,1.0,r11_sequential,sequential,enabled
26888826817,12,beeb71b0e106a5c21acbf87ed8978ec2f1936212,Experiment switch to sequential jobs,success,Prepare scenario,Read experiment scenario,success,3,2026-06-03T13:44:03Z,2026-06-03T13:44:03Z,0.0,r11_sequential,sequential,enabled
26888826817,12,beeb71b0e106a5c21acbf87ed8978ec2f1936212,Experiment switch to sequential jobs,success,Prepare scenario,Post Checkout,success,6,2026-06-03T13:44:03Z,2026-06-03T13:44:03Z,0.0,r11_sequential,sequential,enabled
26888826817,12,beeb71b0e106a5c21acbf87ed8978ec2f1936212,Experiment switch to sequential jobs,success,Prepare scenario,Complete job,success,7,2026-06-03T13:44:03Z,2026-06-03T13:44:03Z,0.0,r11_sequential,sequential,enabled
26888826817,12,beeb71b0e106a5c21acbf87ed8978ec2f1936212,Experiment switch to sequential jobs,success,Lint,Set up job,success,1,2026-06-03T13:44:11Z,2026-06-03T13:44:13Z,2.0,r11_sequential,sequential,enabled
26888826817,12,beeb71b0e106a5c21acbf87ed8978ec2f1936212,Experiment switch to sequential jobs,success,Lint,Checkout,success,2,2026-06-03T13:44:13Z,2026-06-03T13:44:15Z,2.0,r11_sequential,sequential,enabled
26888826817,12,beeb71b0e106a5c21acbf87ed8978ec2f1936212,Experiment switch to sequential jobs,success,Lint,Set up Python,success,3,2026-06-03T13:44:15Z,2026-06-03T13:44:17Z,2.0,r11_sequential,sequential,enabled
26888826817,12,beeb71b0e106a5c21acbf87ed8978ec2f1936212,Experiment switch to sequential jobs,success,Lint,Install dependencies,success,4,2026-06-03T13:44:17Z,2026-06-03T13:44:24Z,7.0,r11_sequential,sequential,enabled
26888826817,12,beeb71b0e106a5c21acbf87ed8978ec2f1936212,Experiment switch to sequential jobs,success,Lint,Run Ruff,success,5,2026-06-03T13:44:24Z,2026-06-03T13:44:24Z,0.0,r11_sequential,sequential,enabled
26888826817,12,beeb71b0e106a5c21acbf87ed8978ec2f1936212,Experiment switch to sequential jobs,success,Lint,Upload lint artifact,success,6,2026-06-03T13:44:24Z,2026-06-03T13:44:25Z,1.0,r11_sequential,sequential,enabled
26888826817,12,beeb71b0e106a5c21acbf87ed8978ec2f1936212,Experiment switch to sequential jobs,success,Lint,Post Set up Python,success,11,2026-06-03T13:44:25Z,2026-06-03T13:44:25Z,0.0,r11_sequential,sequential,enabled
26888826817,12,beeb71b0e106a5c21acbf87ed8978ec2f1936212,Experiment switch to sequential jobs,success,Lint,Post Checkout,success,12,2026-06-03T13:44:25Z,2026-06-03T13:44:26Z,1.0,r11_sequential,sequential,enabled
26888826817,12,beeb71b0e106a5c21acbf87ed8978ec2f1936212,Experiment switch to sequential jobs,success,Lint,Complete job,success,13,2026-06-03T13:44:26Z,2026-06-03T13:44:26Z,0.0,r11_sequential,sequential,enabled
26888826817,12,beeb71b0e106a5c21acbf87ed8978ec2f1936212,Experiment switch to sequential jobs,success,Tests sequential,Set up job,success,1,2026-06-03T13:44:31Z,2026-06-03T13:44:32Z,1.0,r11_sequential,sequential,enabled
26888826817,12,beeb71b0e106a5c21acbf87ed8978ec2f1936212,Experiment switch to sequential jobs,success,Tests sequential,Checkout,success,2,2026-06-03T13:44:32Z,2026-06-03T13:44:33Z,1.0,r11_sequential,sequential,enabled
26888826817,12,beeb71b0e106a5c21acbf87ed8978ec2f1936212,Experiment switch to sequential jobs,success,Tests sequential,Set up Python,success,3,2026-06-03T13:44:33Z,2026-06-03T13:44:34Z,1.0,r11_sequential,sequential,enabled
26888826817,12,beeb71b0e106a5c21acbf87ed8978ec2f1936212,Experiment switch to sequential jobs,success,Tests sequential,Install dependencies,success,4,2026-06-03T13:44:34Z,2026-06-03T13:44:40Z,6.0,r11_sequential,sequential,enabled
26888826817,12,beeb71b0e106a5c21acbf87ed8978ec2f1936212,Experiment switch to sequential jobs,success,Tests sequential,Run Pytest,success,5,2026-06-03T13:44:40Z,2026-06-03T13:44:41Z,1.0,r11_sequential,sequential,enabled
26888826817,12,beeb71b0e106a5c21acbf87ed8978ec2f1936212,Experiment switch to sequential jobs,success,Tests sequential,Summarize test results,success,6,2026-06-03T13:44:41Z,2026-06-03T13:44:41Z,0.0,r11_sequential,sequential,enabled
26888826817,12,beeb71b0e106a5c21acbf87ed8978ec2f1936212,Experiment switch to sequential jobs,success,Tests sequential,Upload test artifact,success,7,2026-06-03T13:44:41Z,2026-06-03T13:44:42Z,1.0,r11_sequential,sequential,enabled
26888826817,12,beeb71b0e106a5c21acbf87ed8978ec2f1936212,Experiment switch to sequential jobs,success,Tests sequential,Fail job if tests failed,success,8,2026-06-03T13:44:42Z,2026-06-03T13:44:42Z,0.0,r11_sequential,sequential,enabled
26888826817,12,beeb71b0e106a5c21acbf87ed8978ec2f1936212,Experiment switch to sequential jobs,success,Tests sequential,Post Set up Python,success,15,2026-06-03T13:44:42Z,2026-06-03T13:44:42Z,0.0,r11_sequential,sequential,enabled
26888826817,12,beeb71b0e106a5c21acbf87ed8978ec2f1936212,Experiment switch to sequential jobs,success,Tests sequential,Post Checkout,success,16,2026-06-03T13:44:42Z,2026-06-03T13:44:42Z,0.0,r11_sequential,sequential,enabled
26888826817,12,beeb71b0e106a5c21acbf87ed8978ec2f1936212,Experiment switch to sequential jobs,success,Tests sequential,Complete job,success,17,2026-06-03T13:44:42Z,2026-06-03T13:44:42Z,0.0,r11_sequential,sequential,enabled
26888827636,13,3b6ef937a02d7d982b1eff9a1bf41d990699be9d,Experiment sequential slow wide tests,success,Prepare scenario,Set up job,success,1,2026-06-03T13:44:01Z,2026-06-03T13:44:01Z,0.0,r13_sequential_slow_wide,sequential,enabled
26888827636,13,3b6ef937a02d7d982b1eff9a1bf41d990699be9d,Experiment sequential slow wide tests,success,Prepare scenario,Checkout,success,2,2026-06-03T13:44:01Z,2026-06-03T13:44:02Z,1.0,r13_sequential_slow_wide,sequential,enabled
26888827636,13,3b6ef937a02d7d982b1eff9a1bf41d990699be9d,Experiment sequential slow wide tests,success,Prepare scenario,Read experiment scenario,success,3,2026-06-03T13:44:02Z,2026-06-03T13:44:02Z,0.0,r13_sequential_slow_wide,sequential,enabled
26888827636,13,3b6ef937a02d7d982b1eff9a1bf41d990699be9d,Experiment sequential slow wide tests,success,Prepare scenario,Post Checkout,success,6,2026-06-03T13:44:02Z,2026-06-03T13:44:02Z,0.0,r13_sequential_slow_wide,sequential,enabled
26888827636,13,3b6ef937a02d7d982b1eff9a1bf41d990699be9d,Experiment sequential slow wide tests,success,Prepare scenario,Complete job,success,7,2026-06-03T13:44:02Z,2026-06-03T13:44:02Z,0.0,r13_sequential_slow_wide,sequential,enabled
26888827636,13,3b6ef937a02d7d982b1eff9a1bf41d990699be9d,Experiment sequential slow wide tests,success,Lint,Set up job,success,1,2026-06-03T13:44:07Z,2026-06-03T13:44:08Z,1.0,r13_sequential_slow_wide,sequential,enabled
26888827636,13,3b6ef937a02d7d982b1eff9a1bf41d990699be9d,Experiment sequential slow wide tests,success,Lint,Checkout,success,2,2026-06-03T13:44:08Z,2026-06-03T13:44:09Z,1.0,r13_sequential_slow_wide,sequential,enabled
26888827636,13,3b6ef937a02d7d982b1eff9a1bf41d990699be9d,Experiment sequential slow wide tests,success,Lint,Set up Python,success,3,2026-06-03T13:44:09Z,2026-06-03T13:44:11Z,2.0,r13_sequential_slow_wide,sequential,enabled
26888827636,13,3b6ef937a02d7d982b1eff9a1bf41d990699be9d,Experiment sequential slow wide tests,success,Lint,Install dependencies,success,4,2026-06-03T13:44:11Z,2026-06-03T13:44:18Z,7.0,r13_sequential_slow_wide,sequential,enabled
26888827636,13,3b6ef937a02d7d982b1eff9a1bf41d990699be9d,Experiment sequential slow wide tests,success,Lint,Run Ruff,success,5,2026-06-03T13:44:18Z,2026-06-03T13:44:18Z,0.0,r13_sequential_slow_wide,sequential,enabled
26888827636,13,3b6ef937a02d7d982b1eff9a1bf41d990699be9d,Experiment sequential slow wide tests,success,Lint,Upload lint artifact,success,6,2026-06-03T13:44:18Z,2026-06-03T13:44:19Z,1.0,r13_sequential_slow_wide,sequential,enabled
26888827636,13,3b6ef937a02d7d982b1eff9a1bf41d990699be9d,Experiment sequential slow wide tests,success,Lint,Post Set up Python,success,11,2026-06-03T13:44:19Z,2026-06-03T13:44:19Z,0.0,r13_sequential_slow_wide,sequential,enabled
26888827636,13,3b6ef937a02d7d982b1eff9a1bf41d990699be9d,Experiment sequential slow wide tests,success,Lint,Post Checkout,success,12,2026-06-03T13:44:19Z,2026-06-03T13:44:20Z,1.0,r13_sequential_slow_wide,sequential,enabled
26888827636,13,3b6ef937a02d7d982b1eff9a1bf41d990699be9d,Experiment sequential slow wide tests,success,Lint,Complete job,success,13,2026-06-03T13:44:20Z,2026-06-03T13:44:20Z,0.0,r13_sequential_slow_wide,sequential,enabled
26888827636,13,3b6ef937a02d7d982b1eff9a1bf41d990699be9d,Experiment sequential slow wide tests,success,Tests sequential,Set up job,success,1,2026-06-03T13:44:24Z,2026-06-03T13:44:25Z,1.0,r13_sequential_slow_wide,sequential,enabled
26888827636,13,3b6ef937a02d7d982b1eff9a1bf41d990699be9d,Experiment sequential slow wide tests,success,Tests sequential,Checkout,success,2,2026-06-03T13:44:25Z,2026-06-03T13:44:26Z,1.0,r13_sequential_slow_wide,sequential,enabled
26888827636,13,3b6ef937a02d7d982b1eff9a1bf41d990699be9d,Experiment sequential slow wide tests,success,Tests sequential,Set up Python,success,3,2026-06-03T13:44:26Z,2026-06-03T13:44:26Z,0.0,r13_sequential_slow_wide,sequential,enabled
26888827636,13,3b6ef937a02d7d982b1eff9a1bf41d990699be9d,Experiment sequential slow wide tests,success,Tests sequential,Install dependencies,success,4,2026-06-03T13:44:26Z,2026-06-03T13:44:32Z,6.0,r13_sequential_slow_wide,sequential,enabled
26888827636,13,3b6ef937a02d7d982b1eff9a1bf41d990699be9d,Experiment sequential slow wide tests,success,Tests sequential,Run Pytest,success,5,2026-06-03T13:44:32Z,2026-06-03T13:44:33Z,1.0,r13_sequential_slow_wide,sequential,enabled
26888827636,13,3b6ef937a02d7d982b1eff9a1bf41d990699be9d,Experiment sequential slow wide tests,success,Tests sequential,Summarize test results,success,6,2026-06-03T13:44:33Z,2026-06-03T13:44:33Z,0.0,r13_sequential_slow_wide,sequential,enabled
26888827636,13,3b6ef937a02d7d982b1eff9a1bf41d990699be9d,Experiment sequential slow wide tests,success,Tests sequential,Upload test artifact,success,7,2026-06-03T13:44:33Z,2026-06-03T13:44:34Z,1.0,r13_sequential_slow_wide,sequential,enabled
26888827636,13,3b6ef937a02d7d982b1eff9a1bf41d990699be9d,Experiment sequential slow wide tests,success,Tests sequential,Fail job if tests failed,success,8,2026-06-03T13:44:34Z,2026-06-03T13:44:34Z,0.0,r13_sequential_slow_wide,sequential,enabled
26888827636,13,3b6ef937a02d7d982b1eff9a1bf41d990699be9d,Experiment sequential slow wide tests,success,Tests sequential,Post Set up Python,success,15,2026-06-03T13:44:34Z,2026-06-03T13:44:34Z,0.0,r13_sequential_slow_wide,sequential,enabled
26888827636,13,3b6ef937a02d7d982b1eff9a1bf41d990699be9d,Experiment sequential slow wide tests,success,Tests sequential,Post Checkout,success,16,2026-06-03T13:44:34Z,2026-06-03T13:44:34Z,0.0,r13_sequential_slow_wide,sequential,enabled
26888827636,13,3b6ef937a02d7d982b1eff9a1bf41d990699be9d,Experiment sequential slow wide tests,success,Tests sequential,Complete job,success,17,2026-06-03T13:44:34Z,2026-06-03T13:44:34Z,0.0,r13_sequential_slow_wide,sequential,enabled
26888830926,14,da5fdbfdea45be9a855af2f4e649cbe4fa2ccdae,Experiment parallel slow wide tests,success,Prepare scenario,Set up job,success,1,2026-06-03T13:44:06Z,2026-06-03T13:44:07Z,1.0,r14_parallel_slow_wide,parallel,enabled
26888830926,14,da5fdbfdea45be9a855af2f4e649cbe4fa2ccdae,Experiment parallel slow wide tests,success,Prepare scenario,Checkout,success,2,2026-06-03T13:44:07Z,2026-06-03T13:44:08Z,1.0,r14_parallel_slow_wide,parallel,enabled
26888830926,14,da5fdbfdea45be9a855af2f4e649cbe4fa2ccdae,Experiment parallel slow wide tests,success,Prepare scenario,Read experiment scenario,success,3,2026-06-03T13:44:08Z,2026-06-03T13:44:08Z,0.0,r14_parallel_slow_wide,parallel,enabled
26888830926,14,da5fdbfdea45be9a855af2f4e649cbe4fa2ccdae,Experiment parallel slow wide tests,success,Prepare scenario,Post Checkout,success,6,2026-06-03T13:44:08Z,2026-06-03T13:44:08Z,0.0,r14_parallel_slow_wide,parallel,enabled
26888830926,14,da5fdbfdea45be9a855af2f4e649cbe4fa2ccdae,Experiment parallel slow wide tests,success,Prepare scenario,Complete job,success,7,2026-06-03T13:44:08Z,2026-06-03T13:44:08Z,0.0,r14_parallel_slow_wide,parallel,enabled
26888830926,14,da5fdbfdea45be9a855af2f4e649cbe4fa2ccdae,Experiment parallel slow wide tests,success,Tests parallel,Set up job,success,1,2026-06-03T13:44:13Z,2026-06-03T13:44:14Z,1.0,r14_parallel_slow_wide,parallel,enabled
26888830926,14,da5fdbfdea45be9a855af2f4e649cbe4fa2ccdae,Experiment parallel slow wide tests,success,Tests parallel,Checkout,success,2,2026-06-03T13:44:14Z,2026-06-03T13:44:15Z,1.0,r14_parallel_slow_wide,parallel,enabled
26888830926,14,da5fdbfdea45be9a855af2f4e649cbe4fa2ccdae,Experiment parallel slow wide tests,success,Tests parallel,Set up Python,success,3,2026-06-03T13:44:15Z,2026-06-03T13:44:16Z,1.0,r14_parallel_slow_wide,parallel,enabled
26888830926,14,da5fdbfdea45be9a855af2f4e649cbe4fa2ccdae,Experiment parallel slow wide tests,success,Tests parallel,Install dependencies,success,4,2026-06-03T13:44:16Z,2026-06-03T13:44:22Z,6.0,r14_parallel_slow_wide,parallel,enabled
26888830926,14,da5fdbfdea45be9a855af2f4e649cbe4fa2ccdae,Experiment parallel slow wide tests,success,Tests parallel,Run Pytest,success,5,2026-06-03T13:44:22Z,2026-06-03T13:44:23Z,1.0,r14_parallel_slow_wide,parallel,enabled
26888830926,14,da5fdbfdea45be9a855af2f4e649cbe4fa2ccdae,Experiment parallel slow wide tests,success,Tests parallel,Summarize test results,success,6,2026-06-03T13:44:23Z,2026-06-03T13:44:23Z,0.0,r14_parallel_slow_wide,parallel,enabled
26888830926,14,da5fdbfdea45be9a855af2f4e649cbe4fa2ccdae,Experiment parallel slow wide tests,success,Tests parallel,Upload test artifact,success,7,2026-06-03T13:44:23Z,2026-06-03T13:44:24Z,1.0,r14_parallel_slow_wide,parallel,enabled
26888830926,14,da5fdbfdea45be9a855af2f4e649cbe4fa2ccdae,Experiment parallel slow wide tests,success,Tests parallel,Fail job if tests failed,success,8,2026-06-03T13:44:24Z,2026-06-03T13:44:24Z,0.0,r14_parallel_slow_wide,parallel,enabled
26888830926,14,da5fdbfdea45be9a855af2f4e649cbe4fa2ccdae,Experiment parallel slow wide tests,success,Tests parallel,Post Set up Python,success,15,2026-06-03T13:44:24Z,2026-06-03T13:44:24Z,0.0,r14_parallel_slow_wide,parallel,enabled
26888830926,14,da5fdbfdea45be9a855af2f4e649cbe4fa2ccdae,Experiment parallel slow wide tests,success,Tests parallel,Post Checkout,success,16,2026-06-03T13:44:24Z,2026-06-03T13:44:24Z,0.0,r14_parallel_slow_wide,parallel,enabled
26888830926,14,da5fdbfdea45be9a855af2f4e649cbe4fa2ccdae,Experiment parallel slow wide tests,success,Tests parallel,Complete job,success,17,2026-06-03T13:44:24Z,2026-06-03T13:44:24Z,0.0,r14_parallel_slow_wide,parallel,enabled
26888830926,14,da5fdbfdea45be9a855af2f4e649cbe4fa2ccdae,Experiment parallel slow wide tests,success,Lint,Set up job,success,1,2026-06-03T13:44:13Z,2026-06-03T13:44:15Z,2.0,r14_parallel_slow_wide,parallel,enabled
26888830926,14,da5fdbfdea45be9a855af2f4e649cbe4fa2ccdae,Experiment parallel slow wide tests,success,Lint,Checkout,success,2,2026-06-03T13:44:15Z,2026-06-03T13:44:15Z,0.0,r14_parallel_slow_wide,parallel,enabled
26888830926,14,da5fdbfdea45be9a855af2f4e649cbe4fa2ccdae,Experiment parallel slow wide tests,success,Lint,Set up Python,success,3,2026-06-03T13:44:15Z,2026-06-03T13:44:16Z,1.0,r14_parallel_slow_wide,parallel,enabled
26888830926,14,da5fdbfdea45be9a855af2f4e649cbe4fa2ccdae,Experiment parallel slow wide tests,success,Lint,Install dependencies,success,4,2026-06-03T13:44:16Z,2026-06-03T13:44:22Z,6.0,r14_parallel_slow_wide,parallel,enabled
26888830926,14,da5fdbfdea45be9a855af2f4e649cbe4fa2ccdae,Experiment parallel slow wide tests,success,Lint,Run Ruff,success,5,2026-06-03T13:44:22Z,2026-06-03T13:44:22Z,0.0,r14_parallel_slow_wide,parallel,enabled
26888830926,14,da5fdbfdea45be9a855af2f4e649cbe4fa2ccdae,Experiment parallel slow wide tests,success,Lint,Upload lint artifact,success,6,2026-06-03T13:44:22Z,2026-06-03T13:44:23Z,1.0,r14_parallel_slow_wide,parallel,enabled
26888830926,14,da5fdbfdea45be9a855af2f4e649cbe4fa2ccdae,Experiment parallel slow wide tests,success,Lint,Post Set up Python,success,11,2026-06-03T13:44:23Z,2026-06-03T13:44:23Z,0.0,r14_parallel_slow_wide,parallel,enabled
26888830926,14,da5fdbfdea45be9a855af2f4e649cbe4fa2ccdae,Experiment parallel slow wide tests,success,Lint,Post Checkout,success,12,2026-06-03T13:44:23Z,2026-06-03T13:44:23Z,0.0,r14_parallel_slow_wide,parallel,enabled
26888830926,14,da5fdbfdea45be9a855af2f4e649cbe4fa2ccdae,Experiment parallel slow wide tests,success,Lint,Complete job,success,13,2026-06-03T13:44:23Z,2026-06-03T13:44:23Z,0.0,r14_parallel_slow_wide,parallel,enabled
