run_id,run_number,run_url,commit_sha,commit_short_sha,commit_message,status,workflow_duration,test_count,test_failures,test_average_time,test_total_time,timestamp,scenario_id,execution_mode,cache,generated_test_count,slow_test_delay_seconds,failing_case,scenario_notes,job_name,job_status,job_duration
26888673945,1,https://github.com/Rafaelfurtadovs/ponderada_pipeline/actions/runs/26888673945,88e554fa93a1111b5ec92d0a0f0f18ea7fd3ede4,88e554f,Add CI metrics experiment scaffold,success,31.0,19,0,0.0029,0.055,2026-06-03T13:41:19Z,baseline,parallel,enabled,12,0.0,,Baseline verde com cache habilitado e jobs paralelos.,Prepare scenario,success,7.0
26888673945,1,https://github.com/Rafaelfurtadovs/ponderada_pipeline/actions/runs/26888673945,88e554fa93a1111b5ec92d0a0f0f18ea7fd3ede4,88e554f,Add CI metrics experiment scaffold,success,31.0,19,0,0.0029,0.055,2026-06-03T13:41:19Z,baseline,parallel,enabled,12,0.0,,Baseline verde com cache habilitado e jobs paralelos.,Tests parallel,success,15.0
26888673945,1,https://github.com/Rafaelfurtadovs/ponderada_pipeline/actions/runs/26888673945,88e554fa93a1111b5ec92d0a0f0f18ea7fd3ede4,88e554f,Add CI metrics experiment scaffold,success,31.0,19,0,0.0029,0.055,2026-06-03T13:41:19Z,baseline,parallel,enabled,12,0.0,,Baseline verde com cache habilitado e jobs paralelos.,Lint,success,13.0
26888673945,1,https://github.com/Rafaelfurtadovs/ponderada_pipeline/actions/runs/26888673945,88e554fa93a1111b5ec92d0a0f0f18ea7fd3ede4,88e554f,Add CI metrics experiment scaffold,success,31.0,19,0,0.0029,0.055,2026-06-03T13:41:19Z,baseline,parallel,enabled,12,0.0,,Baseline verde com cache habilitado e jobs paralelos.,Tests sequential,skipped,0.0
26888748493,2,https://github.com/Rafaelfurtadovs/ponderada_pipeline/actions/runs/26888748493,f6d337a996d107dd279f58cc2c0066b58361482e,f6d337a,Update GitHub Actions versions,success,22.0,19,0,0.0028,0.053,2026-06-03T13:42:36Z,baseline,parallel,enabled,12,0.0,,Baseline verde com cache habilitado e jobs paralelos.,Prepare scenario,success,4.0
26888748493,2,https://github.com/Rafaelfurtadovs/ponderada_pipeline/actions/runs/26888748493,f6d337a996d107dd279f58cc2c0066b58361482e,f6d337a,Update GitHub Actions versions,success,22.0,19,0,0.0028,0.053,2026-06-03T13:42:36Z,baseline,parallel,enabled,12,0.0,,Baseline verde com cache habilitado e jobs paralelos.,Tests parallel,success,12.0
26888748493,2,https://github.com/Rafaelfurtadovs/ponderada_pipeline/actions/runs/26888748493,f6d337a996d107dd279f58cc2c0066b58361482e,f6d337a,Update GitHub Actions versions,success,22.0,19,0,0.0028,0.053,2026-06-03T13:42:36Z,baseline,parallel,enabled,12,0.0,,Baseline verde com cache habilitado e jobs paralelos.,Lint,success,12.0
26888748493,2,https://github.com/Rafaelfurtadovs/ponderada_pipeline/actions/runs/26888748493,f6d337a996d107dd279f58cc2c0066b58361482e,f6d337a,Update GitHub Actions versions,success,22.0,19,0,0.0028,0.053,2026-06-03T13:42:36Z,baseline,parallel,enabled,12,0.0,,Baseline verde com cache habilitado e jobs paralelos.,Tests sequential,skipped,-1.0
26888814122,3,https://github.com/Rafaelfurtadovs/ponderada_pipeline/actions/runs/26888814122,8b6fa4781d104ff905cdf190bb89b4a1fe9ee28d,8b6fa47,Experiment cache warm baseline,success,22.0,19,0,0.0032,0.06,2026-06-03T13:43:43Z,r03_cache_warm,parallel,enabled,12,0.0,,Repeticao verde para observar efeito de cache aquecido.,Prepare scenario,success,4.0
26888814122,3,https://github.com/Rafaelfurtadovs/ponderada_pipeline/actions/runs/26888814122,8b6fa4781d104ff905cdf190bb89b4a1fe9ee28d,8b6fa47,Experiment cache warm baseline,success,22.0,19,0,0.0032,0.06,2026-06-03T13:43:43Z,r03_cache_warm,parallel,enabled,12,0.0,,Repeticao verde para observar efeito de cache aquecido.,Tests parallel,success,12.0
26888814122,3,https://github.com/Rafaelfurtadovs/ponderada_pipeline/actions/runs/26888814122,8b6fa4781d104ff905cdf190bb89b4a1fe9ee28d,8b6fa47,Experiment cache warm baseline,success,22.0,19,0,0.0032,0.06,2026-06-03T13:43:43Z,r03_cache_warm,parallel,enabled,12,0.0,,Repeticao verde para observar efeito de cache aquecido.,Lint,success,12.0
26888814122,3,https://github.com/Rafaelfurtadovs/ponderada_pipeline/actions/runs/26888814122,8b6fa4781d104ff905cdf190bb89b4a1fe9ee28d,8b6fa47,Experiment cache warm baseline,success,22.0,19,0,0.0032,0.06,2026-06-03T13:43:43Z,r03_cache_warm,parallel,enabled,12,0.0,,Repeticao verde para observar efeito de cache aquecido.,Tests sequential,skipped,0.0
26888814620,4,https://github.com/Rafaelfurtadovs/ponderada_pipeline/actions/runs/26888814620,3bf755c18eb1ed3a4f054cf23a1bc3161ea7e604,3bf755c,Experiment increase generated tests,success,27.0,31,0,0.002,0.061,2026-06-03T13:43:43Z,r04_more_tests,parallel,enabled,24,0.0,,Aumento artificial da quantidade de testes gerados.,Prepare scenario,success,4.0
26888814620,4,https://github.com/Rafaelfurtadovs/ponderada_pipeline/actions/runs/26888814620,3bf755c18eb1ed3a4f054cf23a1bc3161ea7e604,3bf755c,Experiment increase generated tests,success,27.0,31,0,0.002,0.061,2026-06-03T13:43:43Z,r04_more_tests,parallel,enabled,24,0.0,,Aumento artificial da quantidade de testes gerados.,Tests parallel,success,16.0
26888814620,4,https://github.com/Rafaelfurtadovs/ponderada_pipeline/actions/runs/26888814620,3bf755c18eb1ed3a4f054cf23a1bc3161ea7e604,3bf755c,Experiment increase generated tests,success,27.0,31,0,0.002,0.061,2026-06-03T13:43:43Z,r04_more_tests,parallel,enabled,24,0.0,,Aumento artificial da quantidade de testes gerados.,Lint,success,16.0
26888814620,4,https://github.com/Rafaelfurtadovs/ponderada_pipeline/actions/runs/26888814620,3bf755c18eb1ed3a4f054cf23a1bc3161ea7e604,3bf755c,Experiment increase generated tests,success,27.0,31,0,0.002,0.061,2026-06-03T13:43:43Z,r04_more_tests,parallel,enabled,24,0.0,,Aumento artificial da quantidade de testes gerados.,Tests sequential,skipped,0.0
26888817920,5,https://github.com/Rafaelfurtadovs/ponderada_pipeline/actions/runs/26888817920,455c157558ed56f8ce38ee131066553bcbe4d3f9,455c157,Experiment introduce failing generated test,failure,27.0,25,1,0.0032,0.081,2026-06-03T13:43:47Z,r06_failure,parallel,enabled,18,0.0,3,Falha proposital em um caso gerado para medir pipeline vermelho.,Prepare scenario,success,3.0
26888817920,5,https://github.com/Rafaelfurtadovs/ponderada_pipeline/actions/runs/26888817920,455c157558ed56f8ce38ee131066553bcbe4d3f9,455c157,Experiment introduce failing generated test,failure,27.0,25,1,0.0032,0.081,2026-06-03T13:43:47Z,r06_failure,parallel,enabled,18,0.0,3,Falha proposital em um caso gerado para medir pipeline vermelho.,Tests parallel,failure,17.0
26888817920,5,https://github.com/Rafaelfurtadovs/ponderada_pipeline/actions/runs/26888817920,455c157558ed56f8ce38ee131066553bcbe4d3f9,455c157,Experiment introduce failing generated test,failure,27.0,25,1,0.0032,0.081,2026-06-03T13:43:47Z,r06_failure,parallel,enabled,18,0.0,3,Falha proposital em um caso gerado para medir pipeline vermelho.,Lint,success,14.0
26888817920,5,https://github.com/Rafaelfurtadovs/ponderada_pipeline/actions/runs/26888817920,455c157558ed56f8ce38ee131066553bcbe4d3f9,455c157,Experiment introduce failing generated test,failure,27.0,25,1,0.0032,0.081,2026-06-03T13:43:47Z,r06_failure,parallel,enabled,18,0.0,3,Falha proposital em um caso gerado para medir pipeline vermelho.,Tests sequential,skipped,0.0
26888818644,6,https://github.com/Rafaelfurtadovs/ponderada_pipeline/actions/runs/26888818644,12be66ce3d3ec254cf4c31df45487e9b4354c259,12be66c,Experiment add slow generated tests,success,31.0,25,0,0.0248,0.62,2026-06-03T13:43:48Z,r05_slow_tests,parallel,enabled,18,0.03,,Introducao de atraso controlado nos testes gerados.,Prepare scenario,success,6.0
26888818644,6,https://github.com/Rafaelfurtadovs/ponderada_pipeline/actions/runs/26888818644,12be66ce3d3ec254cf4c31df45487e9b4354c259,12be66c,Experiment add slow generated tests,success,31.0,25,0,0.0248,0.62,2026-06-03T13:43:48Z,r05_slow_tests,parallel,enabled,18,0.03,,Introducao de atraso controlado nos testes gerados.,Tests parallel,success,17.0
26888818644,6,https://github.com/Rafaelfurtadovs/ponderada_pipeline/actions/runs/26888818644,12be66ce3d3ec254cf4c31df45487e9b4354c259,12be66c,Experiment add slow generated tests,success,31.0,25,0,0.0248,0.62,2026-06-03T13:43:48Z,r05_slow_tests,parallel,enabled,18,0.03,,Introducao de atraso controlado nos testes gerados.,Lint,success,12.0
26888818644,6,https://github.com/Rafaelfurtadovs/ponderada_pipeline/actions/runs/26888818644,12be66ce3d3ec254cf4c31df45487e9b4354c259,12be66c,Experiment add slow generated tests,success,31.0,25,0,0.0248,0.62,2026-06-03T13:43:48Z,r05_slow_tests,parallel,enabled,18,0.03,,Introducao de atraso controlado nos testes gerados.,Tests sequential,skipped,0.0
26888820058,7,https://github.com/Rafaelfurtadovs/ponderada_pipeline/actions/runs/26888820058,7c332ccb15b28829ada7a8ba3803fff50ec68656,7c332cc,Experiment recover failed test,success,32.0,25,0,0.0021,0.052,2026-06-03T13:43:49Z,r07_recovery,parallel,enabled,18,0.0,,Recuperacao apos falha proposital mantendo volume de testes.,Prepare scenario,success,6.0
26888820058,7,https://github.com/Rafaelfurtadovs/ponderada_pipeline/actions/runs/26888820058,7c332ccb15b28829ada7a8ba3803fff50ec68656,7c332cc,Experiment recover failed test,success,32.0,25,0,0.0021,0.052,2026-06-03T13:43:49Z,r07_recovery,parallel,enabled,18,0.0,,Recuperacao apos falha proposital mantendo volume de testes.,Lint,success,11.0
26888820058,7,https://github.com/Rafaelfurtadovs/ponderada_pipeline/actions/runs/26888820058,7c332ccb15b28829ada7a8ba3803fff50ec68656,7c332cc,Experiment recover failed test,success,32.0,25,0,0.0021,0.052,2026-06-03T13:43:49Z,r07_recovery,parallel,enabled,18,0.0,,Recuperacao apos falha proposital mantendo volume de testes.,Tests parallel,success,19.0
26888820058,7,https://github.com/Rafaelfurtadovs/ponderada_pipeline/actions/runs/26888820058,7c332ccb15b28829ada7a8ba3803fff50ec68656,7c332cc,Experiment recover failed test,success,32.0,25,0,0.0021,0.052,2026-06-03T13:43:49Z,r07_recovery,parallel,enabled,18,0.0,,Recuperacao apos falha proposital mantendo volume de testes.,Tests sequential,skipped,0.0
26888822293,8,https://github.com/Rafaelfurtadovs/ponderada_pipeline/actions/runs/26888822293,addb7e42376636e8347aa95f55a4c854c88e8643,addb7e4,Experiment disable dependency cache,success,29.0,25,0,0.0022,0.054,2026-06-03T13:43:52Z,r08_no_cache,parallel,disabled,18,0.0,,Cache de dependencias desabilitado.,Prepare scenario,success,6.0
26888822293,8,https://github.com/Rafaelfurtadovs/ponderada_pipeline/actions/runs/26888822293,addb7e42376636e8347aa95f55a4c854c88e8643,addb7e4,Experiment disable dependency cache,success,29.0,25,0,0.0022,0.054,2026-06-03T13:43:52Z,r08_no_cache,parallel,disabled,18,0.0,,Cache de dependencias desabilitado.,Lint,success,14.0
26888822293,8,https://github.com/Rafaelfurtadovs/ponderada_pipeline/actions/runs/26888822293,addb7e42376636e8347aa95f55a4c854c88e8643,addb7e4,Experiment disable dependency cache,success,29.0,25,0,0.0022,0.054,2026-06-03T13:43:52Z,r08_no_cache,parallel,disabled,18,0.0,,Cache de dependencias desabilitado.,Tests parallel,success,16.0
26888822293,8,https://github.com/Rafaelfurtadovs/ponderada_pipeline/actions/runs/26888822293,addb7e42376636e8347aa95f55a4c854c88e8643,addb7e4,Experiment disable dependency cache,success,29.0,25,0,0.0022,0.054,2026-06-03T13:43:52Z,r08_no_cache,parallel,disabled,18,0.0,,Cache de dependencias desabilitado.,Tests sequential,skipped,-1.0
26888822884,9,https://github.com/Rafaelfurtadovs/ponderada_pipeline/actions/runs/26888822884,ae72107b1aae16c28dd5fcfc8c173b5db439c24e,ae72107,Experiment expand tests without cache,success,29.0,37,0,0.0016,0.058,2026-06-03T13:43:52Z,r09_no_cache_more_tests,parallel,disabled,30,0.0,,Maior volume de testes com cache desabilitado.,Prepare scenario,success,6.0
26888822884,9,https://github.com/Rafaelfurtadovs/ponderada_pipeline/actions/runs/26888822884,ae72107b1aae16c28dd5fcfc8c173b5db439c24e,ae72107,Experiment expand tests without cache,success,29.0,37,0,0.0016,0.058,2026-06-03T13:43:52Z,r09_no_cache_more_tests,parallel,disabled,30,0.0,,Maior volume de testes com cache desabilitado.,Tests parallel,success,15.0
26888822884,9,https://github.com/Rafaelfurtadovs/ponderada_pipeline/actions/runs/26888822884,ae72107b1aae16c28dd5fcfc8c173b5db439c24e,ae72107,Experiment expand tests without cache,success,29.0,37,0,0.0016,0.058,2026-06-03T13:43:52Z,r09_no_cache_more_tests,parallel,disabled,30,0.0,,Maior volume de testes com cache desabilitado.,Lint,success,13.0
26888822884,9,https://github.com/Rafaelfurtadovs/ponderada_pipeline/actions/runs/26888822884,ae72107b1aae16c28dd5fcfc8c173b5db439c24e,ae72107,Experiment expand tests without cache,success,29.0,37,0,0.0016,0.058,2026-06-03T13:43:52Z,r09_no_cache_more_tests,parallel,disabled,30,0.0,,Maior volume de testes com cache desabilitado.,Tests sequential,skipped,-1.0
26888824460,10,https://github.com/Rafaelfurtadovs/ponderada_pipeline/actions/runs/26888824460,0ab11695d906cd5b2f0e4617eabde3bc74f8ebff,0ab1169,Experiment compare parallel jobs,success,25.0,25,0,0.0024,0.06,2026-06-03T13:43:54Z,r12_parallel_pair,parallel,enabled,18,0.0,,"Cenario equivalente ao sequencial, mas com jobs paralelos.",Prepare scenario,success,6.0
26888824460,10,https://github.com/Rafaelfurtadovs/ponderada_pipeline/actions/runs/26888824460,0ab11695d906cd5b2f0e4617eabde3bc74f8ebff,0ab1169,Experiment compare parallel jobs,success,25.0,25,0,0.0024,0.06,2026-06-03T13:43:54Z,r12_parallel_pair,parallel,enabled,18,0.0,,"Cenario equivalente ao sequencial, mas com jobs paralelos.",Tests parallel,success,12.0
26888824460,10,https://github.com/Rafaelfurtadovs/ponderada_pipeline/actions/runs/26888824460,0ab11695d906cd5b2f0e4617eabde3bc74f8ebff,0ab1169,Experiment compare parallel jobs,success,25.0,25,0,0.0024,0.06,2026-06-03T13:43:54Z,r12_parallel_pair,parallel,enabled,18,0.0,,"Cenario equivalente ao sequencial, mas com jobs paralelos.",Lint,success,12.0
26888824460,10,https://github.com/Rafaelfurtadovs/ponderada_pipeline/actions/runs/26888824460,0ab11695d906cd5b2f0e4617eabde3bc74f8ebff,0ab1169,Experiment compare parallel jobs,success,25.0,25,0,0.0024,0.06,2026-06-03T13:43:54Z,r12_parallel_pair,parallel,enabled,18,0.0,,"Cenario equivalente ao sequencial, mas com jobs paralelos.",Tests sequential,skipped,-1.0
26888824793,11,https://github.com/Rafaelfurtadovs/ponderada_pipeline/actions/runs/26888824793,efa216b1750f09f3c834bb0feea1c460bb2bf65e,efa216b,Experiment re-enable dependency cache,success,32.0,37,0,0.0019,0.072,2026-06-03T13:43:54Z,r10_cache_restored,parallel,enabled,30,0.0,,Cache reabilitado mantendo a mesma quantidade de testes.,Prepare scenario,success,6.0
26888824793,11,https://github.com/Rafaelfurtadovs/ponderada_pipeline/actions/runs/26888824793,efa216b1750f09f3c834bb0feea1c460bb2bf65e,efa216b,Experiment re-enable dependency cache,success,32.0,37,0,0.0019,0.072,2026-06-03T13:43:54Z,r10_cache_restored,parallel,enabled,30,0.0,,Cache reabilitado mantendo a mesma quantidade de testes.,Tests parallel,success,17.0
26888824793,11,https://github.com/Rafaelfurtadovs/ponderada_pipeline/actions/runs/26888824793,efa216b1750f09f3c834bb0feea1c460bb2bf65e,efa216b,Experiment re-enable dependency cache,success,32.0,37,0,0.0019,0.072,2026-06-03T13:43:54Z,r10_cache_restored,parallel,enabled,30,0.0,,Cache reabilitado mantendo a mesma quantidade de testes.,Lint,success,16.0
26888824793,11,https://github.com/Rafaelfurtadovs/ponderada_pipeline/actions/runs/26888824793,efa216b1750f09f3c834bb0feea1c460bb2bf65e,efa216b,Experiment re-enable dependency cache,success,32.0,37,0,0.0019,0.072,2026-06-03T13:43:54Z,r10_cache_restored,parallel,enabled,30,0.0,,Cache reabilitado mantendo a mesma quantidade de testes.,Tests sequential,skipped,0.0
26888826817,12,https://github.com/Rafaelfurtadovs/ponderada_pipeline/actions/runs/26888826817,beeb71b0e106a5c21acbf87ed8978ec2f1936212,beeb71b,Experiment switch to sequential jobs,success,48.0,25,0,0.0024,0.059,2026-06-03T13:43:56Z,r11_sequential,sequential,enabled,18,0.0,,Jobs de lint e teste em ordem sequencial.,Prepare scenario,success,7.0
26888826817,12,https://github.com/Rafaelfurtadovs/ponderada_pipeline/actions/runs/26888826817,beeb71b0e106a5c21acbf87ed8978ec2f1936212,beeb71b,Experiment switch to sequential jobs,success,48.0,25,0,0.0024,0.059,2026-06-03T13:43:56Z,r11_sequential,sequential,enabled,18,0.0,,Jobs de lint e teste em ordem sequencial.,Lint,success,18.0
26888826817,12,https://github.com/Rafaelfurtadovs/ponderada_pipeline/actions/runs/26888826817,beeb71b0e106a5c21acbf87ed8978ec2f1936212,beeb71b,Experiment switch to sequential jobs,success,48.0,25,0,0.0024,0.059,2026-06-03T13:43:56Z,r11_sequential,sequential,enabled,18,0.0,,Jobs de lint e teste em ordem sequencial.,Tests parallel,skipped,0.0
26888826817,12,https://github.com/Rafaelfurtadovs/ponderada_pipeline/actions/runs/26888826817,beeb71b0e106a5c21acbf87ed8978ec2f1936212,beeb71b,Experiment switch to sequential jobs,success,48.0,25,0,0.0024,0.059,2026-06-03T13:43:56Z,r11_sequential,sequential,enabled,18,0.0,,Jobs de lint e teste em ordem sequencial.,Tests sequential,success,13.0
26888827636,13,https://github.com/Rafaelfurtadovs/ponderada_pipeline/actions/runs/26888827636,3b6ef937a02d7d982b1eff9a1bf41d990699be9d,3b6ef93,Experiment sequential slow wide tests,success,40.0,43,0,0.0189,0.812,2026-06-03T13:43:57Z,r13_sequential_slow_wide,sequential,enabled,36,0.02,,Cenario sequencial com suite maior e testes lentos.,Prepare scenario,success,4.0
26888827636,13,https://github.com/Rafaelfurtadovs/ponderada_pipeline/actions/runs/26888827636,3b6ef937a02d7d982b1eff9a1bf41d990699be9d,3b6ef93,Experiment sequential slow wide tests,success,40.0,43,0,0.0189,0.812,2026-06-03T13:43:57Z,r13_sequential_slow_wide,sequential,enabled,36,0.02,,Cenario sequencial com suite maior e testes lentos.,Lint,success,15.0
26888827636,13,https://github.com/Rafaelfurtadovs/ponderada_pipeline/actions/runs/26888827636,3b6ef937a02d7d982b1eff9a1bf41d990699be9d,3b6ef93,Experiment sequential slow wide tests,success,40.0,43,0,0.0189,0.812,2026-06-03T13:43:57Z,r13_sequential_slow_wide,sequential,enabled,36,0.02,,Cenario sequencial com suite maior e testes lentos.,Tests parallel,skipped,0.0
26888827636,13,https://github.com/Rafaelfurtadovs/ponderada_pipeline/actions/runs/26888827636,3b6ef937a02d7d982b1eff9a1bf41d990699be9d,3b6ef93,Experiment sequential slow wide tests,success,40.0,43,0,0.0189,0.812,2026-06-03T13:43:57Z,r13_sequential_slow_wide,sequential,enabled,36,0.02,,Cenario sequencial com suite maior e testes lentos.,Tests sequential,success,13.0
26888830926,14,https://github.com/Rafaelfurtadovs/ponderada_pipeline/actions/runs/26888830926,da5fdbfdea45be9a855af2f4e649cbe4fa2ccdae,da5fdbf,Experiment parallel slow wide tests,success,26.0,43,0,0.0188,0.808,2026-06-03T13:44:01Z,r14_parallel_slow_wide,parallel,enabled,36,0.02,,Cenario paralelo equivalente ao sequencial lento e amplo.,Prepare scenario,success,5.0
26888830926,14,https://github.com/Rafaelfurtadovs/ponderada_pipeline/actions/runs/26888830926,da5fdbfdea45be9a855af2f4e649cbe4fa2ccdae,da5fdbf,Experiment parallel slow wide tests,success,26.0,43,0,0.0188,0.808,2026-06-03T13:44:01Z,r14_parallel_slow_wide,parallel,enabled,36,0.02,,Cenario paralelo equivalente ao sequencial lento e amplo.,Tests parallel,success,14.0
26888830926,14,https://github.com/Rafaelfurtadovs/ponderada_pipeline/actions/runs/26888830926,da5fdbfdea45be9a855af2f4e649cbe4fa2ccdae,da5fdbf,Experiment parallel slow wide tests,success,26.0,43,0,0.0188,0.808,2026-06-03T13:44:01Z,r14_parallel_slow_wide,parallel,enabled,36,0.02,,Cenario paralelo equivalente ao sequencial lento e amplo.,Lint,success,12.0
26888830926,14,https://github.com/Rafaelfurtadovs/ponderada_pipeline/actions/runs/26888830926,da5fdbfdea45be9a855af2f4e649cbe4fa2ccdae,da5fdbf,Experiment parallel slow wide tests,success,26.0,43,0,0.0188,0.808,2026-06-03T13:44:01Z,r14_parallel_slow_wide,parallel,enabled,36,0.02,,Cenario paralelo equivalente ao sequencial lento e amplo.,Tests sequential,skipped,0.0
